,mean,std,2.5q,25q,50q,75q,97.5q,mc err
a,2.3710834625229151,0.047594488998546944,2.2778237109769188,2.3401912575347374,2.370072593919768,2.4019750190534208,2.4659653450257339,0.00053467899080605994
a_std,0.2334491719554726,0.039561068168183139,0.16826719347545083,0.20562490680908063,0.22886523067604098,0.25701317093933518,0.32238321270689319,0.00047445698664524131
a_subj.2013,2.4318465517164722,0.092376777815794148,2.2578615205404029,2.3681688020535576,2.4287315618343333,2.493218605812892,2.620772052963376,0.0011902177792141174
a_subj.2015,2.3231655475805408,0.099636397407914704,2.1379860646320044,2.2539746730062897,2.3189607963686707,2.3882564275203464,2.5238881947502039,0.0011967320799719115
a_subj.2016,2.1043938637992294,0.087368013841420303,1.9397825681066783,2.0458127220780735,2.1024071714880228,2.1602355583863808,2.2837628638488288,0.0010646463434555542
a_subj.2017,2.4712473373167225,0.098581522940636476,2.2832589341380474,2.4031425937986479,2.4686465003750047,2.5359766039934266,2.6725603969384824,0.0013278938210452276
a_subj.2018,2.3956045870474285,0.09628983116441063,2.2125942132203527,2.3304919140846696,2.3924890004785615,2.4581354454916244,2.5898821468754707,0.0011218148737140653
a_subj.2019,2.3989195281101767,0.097008540687313655,2.2177281882617708,2.3314085681532166,2.3958196585936848,2.4628575429894952,2.5983831568910634,0.0011198229928130565
a_subj.2020,2.588651093091292,0.10180549389401178,2.3990750480687697,2.5193948692433459,2.5847911408062285,2.6546437564757936,2.7955943607883182,0.0011641534310004985
a_subj.2021,2.4733612963156042,0.09677603109892928,2.2930334544963209,2.4070988447797927,2.4714788998280657,2.5360955625771209,2.6708124470227488,0.0012566537138331063
a_subj.2022,2.6024998842755305,0.10715535238451317,2.4060139311935553,2.5264682976553643,2.5982872953239511,2.6727915795704358,2.8220711640483787,0.0012605652361234712
a_subj.2024,2.2456377776876941,0.092031519861546215,2.0710364575040554,2.1830503348785699,2.2433005105351729,2.3071339057671691,2.4338763436757782,0.0011238142234584125
a_subj.2027,2.0820848609057911,0.082438398002769059,1.928205192760609,2.0263698256844922,2.0800086617746731,2.1358842300812788,2.2472912299443863,0.0010691169067324788
a_subj.2028,2.4183166153160083,0.099638606840888072,2.2318348001614465,2.348456485713335,2.4148887380286035,2.4842790268363908,2.6181507824292396,0.0012191691711013165
a_subj.2029,2.2507748233954894,0.088615550520454792,2.085366322175036,2.189775846811898,2.2490898291161345,2.3088849326098906,2.4287077237594126,0.00096230217237838875
a_subj.2030,2.4304049772149101,0.093587181340539102,2.2538329613684471,2.3664446776428569,2.4285980241949692,2.4923881789505682,2.6208887070492999,0.00097255037547685813
a_subj.2031,2.0937778383625387,0.082153936310047873,1.9353534905517198,2.0368731705076479,2.0929705567969306,2.148745644714384,2.2575287296085684,0.00094177441705868559
a_subj.2032,2.662978715372152,0.10279281814299863,2.4715930003559889,2.5924147889822096,2.6598336132314131,2.7300840799538162,2.8765512657263939,0.0013270613176140408
a_subj.2033,1.7981423994961332,0.077811376785428446,1.6529530336293699,1.7437844696634397,1.7970731280549133,1.8497253111346275,1.9548617138860871,0.00089043851543733931
a_subj.2034,2.5177237390969753,0.099007620796242798,2.3318799413326516,2.4494959526384741,2.5138903922090305,2.583060727172934,2.7224408396131055,0.0011708866651258406
a_subj.2035,2.5167853089786325,0.101031091341928,2.3278097064259784,2.4471951321056453,2.5151750896563456,2.582380224685962,2.727100606016569,0.0010628992055454576
a_subj.2036,2.4205189237961466,0.095115005296488656,2.2434599607582535,2.354766501172878,2.4186469735709233,2.4827788292874531,2.6134050189701616,0.001077157784157325
a_subj.2038,2.3557484209158313,0.099612720849311789,2.1632947829600013,2.2873065779454373,2.3525135158309767,2.4225031532986927,2.5557394368257089,0.0010953104632416845
a_subj.2039,2.1120601693519259,0.081449712914785283,1.9587117026629521,2.0560734461187908,2.1094473680460442,2.1654198450408915,2.2777145309891274,0.00084142042231646257
a_subj.2040,2.5069548833996351,0.099518673554086168,2.3254407322501804,2.4390749003330656,2.502540493683016,2.5724471515891345,2.714955667434336,0.0011395993791162204
a_subj.2041,2.408878833538779,0.092051580383660847,2.2349912768621341,2.3450715800885962,2.4070067241333,2.46994140972404,2.5961828256745472,0.00090523643873522352
a_subj.2042,2.423609632326877,0.10014998547410622,2.2324649221871211,2.3537282340236327,2.422361443457131,2.4896339717335247,2.6285637043825973,0.0012954127205953797
a_subj.2043,2.3626471861386169,0.089708204901547184,2.1927260461658573,2.3001545319291026,2.3600871425791419,2.4236611899597018,2.5431229100225314,0.00099175083039897377
a_subj.2044,2.3051612792867235,0.089514005883779557,2.1351436448887351,2.2434951762774866,2.3028524399182162,2.3639406223269122,2.4837435559547401,0.0010288217333052801
a_subj.2045,2.2458133109121214,0.091296078965952848,2.0746812553296889,2.1825346754244088,2.2433646120379254,2.3050218048949782,2.4341421453719088,0.0010902856909888914
a_subj.2046,2.7777661727640375,0.10751404354631232,2.5718622350840961,2.7045249372822089,2.7759793411146187,2.8480877001677873,2.9969639320314232,0.0010775390651406444
a_subj.2047,2.4190233994147037,0.093839313782836442,2.2414470628636134,2.3547265746003472,2.4163917467989613,2.4803039287014252,2.6097536182120926,0.0010755134233934734
t,0.54114696637713033,0.044438891929764142,0.46088375415516047,0.51100141475799088,0.53915767796734881,0.56887122357473674,0.63718778620901406,0.00053065713907742961
t_std,0.24072843955688975,0.040483203418688718,0.17704399121325037,0.21291608708109447,0.23518032096896951,0.26262288280384238,0.33646020062313287,0.00052413596704708229
t_subj.2013,0.49198673860842945,0.02231549072137751,0.44252574075599649,0.47841963341588145,0.49415536927553572,0.50799786407151848,0.52928132602342537,0.00031274911063221316
t_subj.2015,0.56229243922424699,0.019928245384772909,0.51952191072507803,0.54981348463781832,0.56378594559068351,0.57621466015075873,0.59732601567254617,0.00025525597967746754
t_subj.2016,0.71831276853891213,0.018280390444560351,0.67947617635500923,0.70667743064485145,0.71976983314253107,0.73132325617929761,0.75032195467096952,0.00021398161802999773
t_subj.2017,0.59206755664346666,0.025320764964205246,0.53736686371862596,0.57593279821684185,0.59398156580458517,0.60993398430890899,0.63686227391029759,0.00032144919940188722
t_subj.2018,0.61434151228730349,0.022305070296575785,0.56620304113336739,0.60076931204741191,0.61601821908865617,0.62969988721261638,0.65286249593889967,0.00027673872379005833
t_subj.2019,0.5748751006851861,0.023658023920646646,0.52321277634199592,0.56027891280092035,0.57676196425944593,0.59162465117578888,0.61517488782794438,0.00027645073869371104
t_subj.2020,0.65101436948687019,0.022188805894030147,0.60250863011386446,0.63748339393910747,0.65308198295685238,0.66661446519163225,0.68821469575200123,0.00024839651705060005
t_subj.2021,0.53050711181277943,0.026910303480538179,0.47144778993201253,0.51385085048214629,0.53249727750587594,0.54936931771538222,0.57765212982519876,0.00034687386686935119
t_subj.2022,0.89043410842457815,0.02284265909385038,0.83989472931283571,0.87662568027041821,0.89242947221977087,0.90673995784024874,0.92926046140160412,0.00025591021767193731
t_subj.2024,0.58293692320255286,0.022402469048176117,0.53474790756259716,0.5688225150056867,0.58473941693198861,0.59866234258042028,0.62251897614824625,0.00027883128112073509
t_subj.2027,0.57461249022689731,0.017640023528885135,0.53725762859324022,0.56359882796319516,0.57593847548128629,0.58713971850697078,0.60491627969380635,0.00020900910805242176
t_subj.2028,0.53258150140648275,0.024342510730543884,0.48055079850248733,0.51736473032766117,0.53450726047127239,0.54965295194580877,0.57470011288075318,0.00030142551649575748
t_subj.2029,0.67555260036392373,0.018464956664516887,0.63425347588813374,0.66417861811904977,0.67742498851256017,0.68854033852944585,0.70670938978971454,0.00022118072326067685
t_subj.2030,0.51383257815536765,0.017824971945952572,0.47359023254182042,0.50330969095236333,0.51571544702784711,0.52651348675155796,0.54309160152474778,0.00020468405589721866
t_subj.2031,0.50858070662374955,0.014028930835119465,0.47687048023028894,0.50003895723554637,0.50996099536719608,0.51857958743171662,0.53148844436580345,0.00015873428012664795
t_subj.2032,0.51373485867063817,0.020840936012073579,0.46858427709378381,0.50072862018608999,0.51536057455340745,0.52894515050114221,0.54892682852427566,0.00026142669475660569
t_subj.2033,0.48675892892618533,0.012098596531861874,0.45964355304270571,0.47939132868671552,0.4878759212620889,0.4954992476552974,0.50715635832571648,0.00014132046051583961
t_subj.2034,0.40309323583653167,0.019288356518051612,0.35910354511770326,0.39179133661086729,0.40504049131061826,0.41688587379231745,0.43463603277538315,0.00022453428011434614
t_subj.2035,0.53963416658448116,0.017963556771553466,0.49955525467291939,0.52886811230890873,0.5415116301346824,0.55255524013710533,0.56907973740373508,0.0001931386323396909
t_subj.2036,0.59489439726036863,0.020923319901318956,0.54989666336429899,0.58172272381044354,0.59645589043231617,0.60976434749471131,0.63075613388531293,0.00023937265964529304
t_subj.2038,0.34616166294928602,0.014729501085615038,0.31257154568575185,0.3372762232966155,0.34780410643096193,0.35660134034579449,0.37063974059835159,0.00015633972626456462
t_subj.2039,0.46853090868803088,0.015241910469942183,0.43481604792563822,0.45911635386483896,0.47005352868570149,0.47944872296277813,0.49405444786129032,0.00015312179098456657
t_subj.2040,0.5967121244164012,0.01981227828945727,0.55180837608195243,0.58478978823557515,0.59864471841477385,0.61122105340062804,0.62932948092266294,0.00024261461928943838
t_subj.2041,0.64238902089561756,0.022644893713492022,0.59317008170084862,0.62862562531176602,0.64448880247503659,0.6583543045697029,0.68083136142906564,0.00024339890388176233
t_subj.2042,0.69975467468622898,0.028336801907779412,0.64005423110052084,0.68186431579323548,0.70122533351435834,0.71979846390580027,0.75130228461238535,0.00036431717477632586
t_subj.2043,0.61861380147255718,0.022089977716229565,0.5698431588213988,0.60513311021413696,0.62036067587450561,0.63417575500490864,0.65680946057693257,0.0002605261443431362
t_subj.2044,0.48585504586057715,0.015283896591798922,0.4509984030223213,0.47649073260690961,0.48750510065475133,0.4968148156657195,0.51125414390234558,0.00016312605654709983
t_subj.2045,0.5223571600095861,0.016115601975782174,0.4867091948449927,0.51253400771613078,0.52377896012860237,0.53378481641777009,0.54982729418102638,0.00016836376126899976
t_subj.2046,0.032130071780609976,0.0087985455012130499,0.014297657839276695,0.026144328619564547,0.032428055706894818,0.038477727949539325,0.048563399742330191,0.00010662056246947187
t_subj.2047,0.21956037922783209,0.021420767157008341,0.17342985712250208,0.20628031794503715,0.22128800492356143,0.23484359246522196,0.25645895508013128,0.00022020627590756963
v_Intercept,0.092466487376273415,0.056779947067029143,-0.019054578459222378,0.054764178066683711,0.092142618209616597,0.1299800121165981,0.20626224417478459,0.00077969026458849303
v_Intercept_std,0.29271996674479772,0.043264507962882184,0.22032941146874596,0.26213294168416118,0.28870163566560447,0.31823526212235287,0.38855431524799944,0.00044535975822282024
v_Intercept_subj.2013,0.15947996810078882,0.071128013469940229,0.021017646802559881,0.11132997458399867,0.15857340667770772,0.20867143368142055,0.2949405720088617,0.0008317233738179804
v_Intercept_subj.2015,0.63640129916213717,0.086651497300785515,0.46562613346646314,0.57753821591901933,0.63846222621990556,0.6956983416973076,0.8039230762711076,0.00099154320575108815
v_Intercept_subj.2016,0.24993948945869524,0.085413114703389442,0.082215236174902381,0.19220744174853852,0.24937419921740908,0.3068098152174934,0.41639834986169177,0.0010404230357678502
v_Intercept_subj.2017,0.25199491436301985,0.070918011359043007,0.11403232296294626,0.20400700054721613,0.25265042808437022,0.29932621044817243,0.39083761588213389,0.0009422496285936817
v_Intercept_subj.2018,0.2713111988645463,0.076499502969742589,0.12142806468456406,0.21981375025336944,0.27157911980924609,0.32269467271376695,0.42048628942556154,0.00093135397046582543
v_Intercept_subj.2019,0.34950945234825898,0.076465176737403412,0.19870136786348838,0.29892883224293487,0.35005815269452434,0.40098639552054394,0.50018382428233077,0.00092409121703226969
v_Intercept_subj.2020,-0.14518954563354802,0.069697481285423718,-0.28672555339562839,-0.19150141284612715,-0.14512871159050983,-0.097388478836308551,-0.0083005032632604836,0.00088240113632317746
v_Intercept_subj.2021,-0.10569197224842924,0.069210661796455256,-0.23975844583634348,-0.15258648684385706,-0.105146006688076,-0.059131664721509214,0.029654231021996269,0.00083253435224994764
v_Intercept_subj.2022,-0.3838268700916459,0.071920844647037185,-0.52518451112131992,-0.43179009729799922,-0.38401082390319252,-0.33474049757992197,-0.2421639765617381,0.00089142591816276907
v_Intercept_subj.2024,0.041483718692024531,0.078736339952016676,-0.11122733770597418,-0.011790439106266197,0.041894326088452616,0.094708595461633516,0.19656126008973651,0.0011534371832755711
v_Intercept_subj.2027,0.12148518942915737,0.082880854152430017,-0.039317785913950229,0.065387826693055123,0.12216095899549402,0.17813970450762417,0.28254125541308084,0.0011517776043253973
v_Intercept_subj.2028,0.32468341048536448,0.075588530173655147,0.17881054892691051,0.27379544333407607,0.32497619313488441,0.37451395045328273,0.47495504736168365,0.00091125220363488747
v_Intercept_subj.2029,-0.22413641250029634,0.080569321889376322,-0.38053504218473599,-0.27823722312674803,-0.22378266233549582,-0.1703068871744973,-0.067329750364743202,0.0010437013134998732
v_Intercept_subj.2030,0.071933854998076419,0.074173873168938698,-0.073525993165537831,0.022114010747647267,0.072346491406134805,0.12216339837071177,0.21822246419751351,0.00095831966594779714
v_Intercept_subj.2031,0.39854749833682773,0.086607504645374561,0.23036676814431445,0.34040656270671549,0.39826673061669138,0.45728146805914816,0.5672992359039799,0.00093502239829264451
v_Intercept_subj.2032,-0.12826539266245218,0.069356797835521539,-0.2629452651738291,-0.17572187116195342,-0.12764423499531641,-0.081088864216615014,0.0068138998353770019,0.00081415966713467244
v_Intercept_subj.2033,0.18751579803258886,0.099327484212788475,-0.0091788936172349511,0.12116904891993653,0.18745341172372851,0.25392603034221106,0.38512207537810289,0.001331576456426765
v_Intercept_subj.2034,0.13573062845117603,0.070992398313309821,-0.0015717093181912278,0.086752636361296862,0.13588973207201405,0.18372335551086205,0.27498249995437513,0.0008576211006018807
v_Intercept_subj.2035,0.43005083244956599,0.074087125624287112,0.2850159210559301,0.3805622686503734,0.43027898287286215,0.48053789376029321,0.57424499263705886,0.00094503230033020043
v_Intercept_subj.2036,-0.13226043683514074,0.074990978693029245,-0.28077831018253141,-0.182739438163011,-0.13221094686910892,-0.081682803359940548,0.016627808407909228,0.00082021642818150069
v_Intercept_subj.2038,0.48757449052555712,0.084443944516050404,0.32077184870415415,0.4298997631688285,0.48720342481604328,0.54581009034675576,0.65355052624129628,0.0011368799226499798
v_Intercept_subj.2039,0.33900988757818512,0.085245370505047685,0.17099140757735554,0.28090591475734678,0.33921636649521358,0.39720202225243051,0.50536949274058252,0.0011612852587028258
v_Intercept_subj.2040,0.30457491338139892,0.073808486549864688,0.16023093729212887,0.2551880584086812,0.30381079824225643,0.35357369645527104,0.45188909877490852,0.00088950243257174667
v_Intercept_subj.2041,-0.21454320415811493,0.072060605821440055,-0.35431845962507963,-0.26264904101183711,-0.21528686944315617,-0.16650497360133359,-0.069521736170340132,0.00098068285245423792
v_Intercept_subj.2042,-0.14468234467409222,0.071970116053626049,-0.28389361988537748,-0.19319268019584615,-0.14395828501453445,-0.095657508289101356,-0.0023305680682949026,0.00099277280767168154
v_Intercept_subj.2043,-0.098117724599583969,0.074326788911355177,-0.24481409505031507,-0.14824904111970727,-0.098491651952128945,-0.048878054308644836,0.047943879156112867,0.00084995839625251826
v_Intercept_subj.2044,8.2769367101519017e-05,0.078689010585204791,-0.15111492699786849,-0.054246241231385467,-0.0014485080530533892,0.054065871386273362,0.15436382108080082,0.00090618120047680707
v_Intercept_subj.2045,-0.53173557004788208,0.086902030176971901,-0.70092096346516874,-0.59006945971743219,-0.53218798844788062,-0.47335905816502655,-0.35926286237729393,0.0010764388440063948
v_Intercept_subj.2046,-0.01848453007442474,0.063754515348304758,-0.14270916424562496,-0.062086222191732141,-0.018812885201011292,0.024533895842537651,0.10708873299916843,0.00090635100943697834
v_Intercept_subj.2047,0.10589700693128065,0.071347019852528851,-0.035055166612183636,0.058967805708876109,0.10535350416130054,0.15381105905186288,0.24779689640464633,0.00087444221675373292
v_condition,0.12079950272340102,0.037478549827579824,0.047374697468719744,0.096356578403120396,0.12055317875822441,0.14566209390959528,0.19578950902228251,0.00035816636787592188
v_condition_std,0.18864384379936028,0.03095452372694828,0.13554364572128044,0.16716196484068557,0.18590380166192227,0.20715721924025687,0.25800222416970742,0.00034291931809628972
v_condition_subj.2013,0.011333788589874837,0.069318481197188642,-0.12502447442659009,-0.035572895882385491,0.011448024812847735,0.058598269992085963,0.1459098450403829,0.0006546145825634148
v_condition_subj.2015,0.16437889967827168,0.076053973948931652,0.015241077791702196,0.1122590100908524,0.16460363368644038,0.21617405055846428,0.31334018726058149,0.00074527024574704275
v_condition_subj.2016,0.07034320677195495,0.079025371257154239,-0.082859916020033536,0.016686180794254532,0.07041043634671694,0.12399444984628595,0.22674430405509455,0.00090629860953285566
v_condition_subj.2017,0.02732958429847418,0.068146405364812965,-0.10697370825841564,-0.018270181260768938,0.027453597891245504,0.073778445691527805,0.16010644494090487,0.00069791411243428074
v_condition_subj.2018,0.32848226696014216,0.072745932943184557,0.18519858348213336,0.27910467152490726,0.33021636023653578,0.37815409896138846,0.47117322672965728,0.00077301936146417284
v_condition_subj.2019,0.093548049068015796,0.070580598191052155,-0.044577182473956839,0.045278355811308402,0.09352802974422339,0.14200817794980497,0.23294021111667099,0.00072467857450492722
v_condition_subj.2020,0.25881717872495558,0.066078180887281984,0.12694387105265967,0.21451128689956467,0.25877884879241586,0.30395834481151196,0.38475598043987225,0.00072572782088190836
v_condition_subj.2021,0.17477847892279103,0.066384582205492884,0.045547428163312767,0.12996120871087086,0.17502205891214617,0.22016443852987122,0.30492852606405002,0.00073821044437243002
v_condition_subj.2022,0.11039702741816587,0.067286244921046706,-0.021057851861209197,0.066032890185252713,0.11010811095194321,0.15555014531757766,0.24309647617115571,0.00074036073490850701
v_condition_subj.2024,0.0838145459283276,0.074479250278989814,-0.063592946078217111,0.03396023615592958,0.084092319747597247,0.13469248991524743,0.22796365971443186,0.00083535480281710984
v_condition_subj.2027,0.12878774694196604,0.079834003149114333,-0.024014504181572374,0.074519854360707752,0.12812190353366854,0.18264725256970199,0.2871042377084233,0.00084449003320481177
v_condition_subj.2028,0.08781135969983267,0.070259969294844696,-0.051176302433983981,0.041298188237778283,0.087811850997828358,0.13516420058312226,0.22576802076342839,0.00069044188564479293
v_condition_subj.2029,-0.092474050843991726,0.074492706332065145,-0.23988185712327958,-0.14247824169493484,-0.092701318458358162,-0.042243635201820284,0.050391156527670344,0.00080087397614161233
v_condition_subj.2030,0.084745380363900114,0.070511609391049945,-0.053452664657626797,0.037548945320207167,0.084680877597571022,0.13236956048285348,0.22200894734509419,0.00076445257442086341
v_condition_subj.2031,0.071553579764145739,0.080763750451585473,-0.091864332193393267,0.01850675168184758,0.072455960734035263,0.12616580639067618,0.22972031008992436,0.00078976465478823468
v_condition_subj.2032,0.077219115205344135,0.06630331909876834,-0.051671551469516332,0.032534352258321492,0.077482550168427172,0.12211182739265462,0.20660052516519217,0.00071453738935663689
v_condition_subj.2033,-0.015785506308325353,0.09237570773640523,-0.19814537568218232,-0.077426658314249774,-0.014976990767065546,0.046385699873414399,0.16687516767031352,0.0010291751002949386
v_condition_subj.2034,0.58798213897706186,0.074593338008360613,0.44277632565834624,0.53772803378669254,0.58722069818108735,0.63883901371999785,0.73484909013196198,0.00086528084493756301
v_condition_subj.2035,-0.0089529107701278102,0.069069530543829277,-0.14679530073796709,-0.055724120936643348,-0.0082604167714706439,0.038612268299879141,0.12657986314468023,0.00068872650970170713
v_condition_subj.2036,0.24187819480323455,0.07156572397190529,0.10210340719525611,0.19409712845578758,0.24147455303688309,0.29016366313100939,0.38122029791652223,0.000684905029930697
v_condition_subj.2038,0.49691318349334546,0.083638228377646881,0.33431657525216757,0.44041805907922504,0.49618495205220148,0.5538258539810561,0.6601476441598203,0.00089276928862915255
v_condition_subj.2039,0.049405775456513555,0.081008308982884872,-0.11005978439554918,-0.0057976127030882028,0.04949362042811313,0.10528861816981054,0.20727091500575101,0.00081866742008105645
v_condition_subj.2040,0.035697932141089926,0.069465550365136922,-0.09853523423981865,-0.012417669245009713,0.035233085727722289,0.083765130077631839,0.17192574570455094,0.00068668898042465799
v_condition_subj.2041,-0.12839248455425104,0.070332922566405706,-0.26604808828396642,-0.17585784711001975,-0.12837151492110321,-0.080254028439657121,0.0095430655098259209,0.00065920081534792522
v_condition_subj.2042,-0.056655115751472716,0.070130562333193994,-0.19132530902858152,-0.10474626762761469,-0.056509438532167666,-0.0088626257495275085,0.08039283855193935,0.00070117417281309385
v_condition_subj.2043,-0.017773568307017044,0.069833062554329778,-0.15182787445567403,-0.065351939652804475,-0.018136894910508669,0.029511079545172625,0.12148611867292108,0.00074770986320762446
v_condition_subj.2044,0.22673563917999656,0.074851628063045836,0.08046359395558407,0.17640214311537336,0.22680353207100484,0.2769882869488921,0.37402809644485691,0.00077827881697214497
v_condition_subj.2045,0.10893202288493523,0.077668139371181361,-0.041089634215260212,0.056148334406142336,0.10887260885858659,0.16141506751605655,0.25964076181157936,0.00082739735158829234
v_condition_subj.2046,0.011050218311744433,0.061110110056511249,-0.11168201795263791,-0.030209407666543259,0.011077800008918032,0.052155210217702377,0.1297883099916895,0.00065033366816755873
v_condition_subj.2047,0.4190089182583504,0.071224442797440946,0.27983345503312845,0.36969714008630611,0.419028524102939,0.46753044110372521,0.5598330732652963,0.0007284619931366117
v_stim,0.70104356311937066,0.035072481312706655,0.63241774592769862,0.67789288241089218,0.70060653130017558,0.72416994989768457,0.77091802005163879,0.00037820390930850439
v_stim_std,0.17468591913614076,0.029079964226169822,0.12621398276696122,0.1543872076850725,0.17134771550145705,0.19201526268394192,0.23958533546028354,0.00033328106249473887
v_stim_subj.2013,0.56696885188878765,0.06078795683463422,0.44729752940560347,0.52584742352942815,0.56688734546572006,0.60898202237720656,0.68483576857106021,0.00066872600717978977
v_stim_subj.2015,1.0392133870207356,0.087200475773803951,0.86604032227974015,0.97953840451094809,1.0386835345309482,1.0957550802276501,1.2126218057323142,0.0010531646916941109
v_stim_subj.2016,0.83443538037466325,0.076160296411089734,0.68493231911446395,0.78235336464861227,0.83500333058727338,0.88658739952673504,0.98196413852676434,0.00080880189023733898
v_stim_subj.2017,0.72105612506229033,0.068658069084701692,0.58540641220501599,0.67420641820205474,0.72105660474328626,0.7669764572678317,0.85433284402913645,0.00070153547437172439
v_stim_subj.2018,0.73711961998385811,0.066287449851112068,0.60889515244665893,0.6927372909464441,0.73778186263754886,0.78060364864794618,0.86893998816964435,0.00072900087851631476
v_stim_subj.2019,0.67806487690787343,0.067405535029265232,0.54821755015023799,0.63351692347045041,0.67799356546553124,0.72364396102732154,0.81140328256575645,0.00071200150692151526
v_stim_subj.2020,0.5008908267817217,0.054040229957373523,0.3945826830650157,0.46510253295978049,0.5010617233679302,0.53673480467071277,0.60540213091029516,0.00049355183512448698
v_stim_subj.2021,0.48480113559429994,0.056232976079101667,0.37401346755868342,0.44679877395452428,0.4844806572907096,0.52237294678793389,0.59651258108835115,0.00063532038107449399
v_stim_subj.2022,0.74072639417912389,0.067140615348704455,0.61055155841736308,0.6958471166369794,0.74035631618389197,0.78578369831839634,0.87376032325561737,0.00067690629387559857
v_stim_subj.2024,0.78440959099997232,0.072640090362486198,0.64406231953269444,0.73532974286831121,0.78330409142744928,0.83347996368642974,0.9284836568013759,0.0008340459998486371
v_stim_subj.2027,0.81828180284796714,0.078535549934477561,0.66760510445760479,0.76558361836015765,0.81705572118621039,0.87005475489265194,0.9749026742405007,0.0010072095617010819
v_stim_subj.2028,0.71046242359012546,0.065110446757924656,0.58456615653824417,0.66658432928600564,0.70889734204585142,0.7542620688848477,0.84071336894236892,0.00063762470977077551
v_stim_subj.2029,0.73301181295660733,0.069826035553093788,0.59670253691139796,0.68622572702169182,0.73379410772359233,0.77889118790840728,0.87294825143525046,0.00080793654897619478
v_stim_subj.2030,0.62707491725030584,0.060838397549438504,0.50934086849834426,0.58633137753645748,0.62696689046268639,0.66807326994507488,0.74646821183945666,0.00068443348503571062
v_stim_subj.2031,0.85475580140102014,0.078997741321929688,0.70343797082087645,0.80138458592727368,0.8538584311687859,0.90772210446531232,1.0133311463744707,0.00086232462662982922
v_stim_subj.2032,0.84273996777304794,0.07074429342703821,0.7056230803282354,0.79523811449674808,0.84242601425191233,0.88942392773446399,0.98560320426998826,0.00078770829981649327
v_stim_subj.2033,0.8937942265343447,0.087522395068097947,0.72240673257673116,0.83612025012265323,0.89268640860639348,0.95289697153190722,1.0658892509545896,0.00087930586706229765
v_stim_subj.2034,0.38400058768127432,0.051874517077424659,0.28273154934782735,0.34931636798582305,0.38387133479753416,0.41914539173258186,0.48745241172117071,0.00056250277562899201
v_stim_subj.2035,0.46478195473401046,0.058221202790526325,0.35016747979126694,0.42594104378938891,0.46558586161722049,0.50389753981327501,0.57725345233424963,0.00058041132657455307
v_stim_subj.2036,0.94800699286594192,0.079050849792927078,0.79564787547111249,0.89457591452963503,0.94710147230952879,1.0000857633246747,1.1059406730561003,0.00081781108377902614
v_stim_subj.2038,0.69770163923582484,0.069147171875810834,0.562039133556411,0.65028863428127015,0.69700319492213514,0.74493397790457105,0.83232679532224108,0.00066988034729493248
v_stim_subj.2039,0.73493339692423076,0.072211756507692293,0.59434930494281435,0.68554996584613737,0.73527381350412035,0.78454878529266714,0.87616693139542157,0.00076669113882722154
v_stim_subj.2040,0.72487364447477987,0.065207658712050448,0.59740034708742717,0.68005931304643563,0.72538506762709365,0.76823621796133235,0.85075930000106059,0.00061171950463286928
v_stim_subj.2041,0.66658081250894108,0.067148213012152555,0.53428151615293407,0.62136142468748667,0.66623081576309795,0.71181840789214346,0.79672632014449229,0.00069038794112007422
v_stim_subj.2042,0.72648047242961034,0.067310573539337101,0.59585415563867128,0.68087529656936396,0.72678286990080432,0.7717005356781651,0.85805740766599847,0.00070088108910930835
v_stim_subj.2043,0.65012164346551071,0.067645561784759514,0.51873031329325858,0.60522567187002985,0.64929587635489694,0.69545617313704611,0.78214676045467546,0.00070119155171138804
v_stim_subj.2044,0.67621219050865056,0.066635074718272014,0.54503836649016968,0.63171856391733683,0.67621150721391698,0.72185043002841409,0.80813516721970646,0.00064551444446599604
v_stim_subj.2045,0.81235127355422598,0.073000118525088295,0.67022212642651902,0.76252380442899914,0.81197904155319223,0.86051224653813263,0.95973852111279612,0.00079363644338974128
v_stim_subj.2046,0.53130456131151127,0.05516053529596919,0.42226668933944472,0.49487785690716501,0.53138269977899655,0.56878632847376087,0.63735033051959666,0.00054472711358577854
v_stim_subj.2047,0.45058914668059613,0.057625282503653105,0.33712157173855484,0.41235152930516261,0.45110479759183691,0.48950008082820701,0.56354635742847192,0.00063634618442410802
z_Intercept,0.048672855451365585,0.0096788693280455262,0.034215000315399993,0.041004568539406656,0.047027375357938918,0.055337923253093751,0.06967313935362035,0.00092187853675580365
z_Intercept_std,0.033954907138673399,0.029823305047114421,0.00070604509031228118,0.0095544260390258273,0.026458774101394231,0.050527865177061392,0.10789510487802209,0.0021081112653122324
z_Intercept_subj.2013,0.048675129134416226,0.0098724887770765806,0.034102125740052579,0.040584401214154055,0.047071883993424754,0.055690810231023284,0.070541033329815511,0.00092033102789672359
z_Intercept_subj.2015,0.048836046640909861,0.009961268662285791,0.034064412596817119,0.040946751368716387,0.047085347768734638,0.056173286005034968,0.07063302225266363,0.00092705235894372981
z_Intercept_subj.2016,0.048691398904125653,0.0098547390579010446,0.034145006683013589,0.040778035829416789,0.046993011355258504,0.055651504284361636,0.070435986332942943,0.00091888785153895151
z_Intercept_subj.2017,0.048565152046186881,0.0098897272374745392,0.03401337577815234,0.040564392867027815,0.046860765516673342,0.055721766304496524,0.069858480120019245,0.00091851822305364511
z_Intercept_subj.2018,0.04876204555657928,0.0099479525176990394,0.034097165113024908,0.040688908582704526,0.047079069583734603,0.055858162656765555,0.070333838390060258,0.00092685440315657937
z_Intercept_subj.2019,0.048714152439272712,0.0099550065384637169,0.034059910727718495,0.040608512311404679,0.047023240986671162,0.055847776592588765,0.070388171080814008,0.00092464909076455087
z_Intercept_subj.2020,0.048708024449005884,0.0098924351341814591,0.03407245453847129,0.040644211176796632,0.046939820734490281,0.055710667180711874,0.070526565931580576,0.0009228939208768001
z_Intercept_subj.2021,0.048766553080666498,0.009965641188171016,0.034072180355045355,0.040627747648229386,0.047102588464250014,0.055839442159573288,0.070491978904545269,0.0009256733773231133
z_Intercept_subj.2022,0.048692237826687912,0.0099220061038178993,0.034095319251814048,0.040656437396061854,0.04697976666961734,0.055720184073444784,0.070517098211762885,0.00092293285393325419
z_Intercept_subj.2024,0.048555363099659431,0.0099098946414129929,0.03400292553939728,0.040524030198758401,0.046823538928726108,0.055607120750382155,0.069681984555378523,0.00092329950931764929
z_Intercept_subj.2027,0.048713822535565193,0.0099498196860694655,0.034076917779444216,0.040673902266886122,0.047010817653997949,0.055828685946623074,0.070693288260990403,0.00092424983191601918
z_Intercept_subj.2028,0.048839920659700345,0.0099713678696922541,0.034135581845130256,0.040792471336356356,0.047184091663251403,0.056071389954863944,0.070849070458487387,0.00092485078046604158
z_Intercept_subj.2029,0.048603665987850389,0.0099115843208622996,0.034021851124037134,0.040517195681317245,0.046906496369384605,0.055685941228386389,0.069944191543968179,0.00092353477146301754
z_Intercept_subj.2030,0.048707191137574095,0.0099437648248758108,0.034095466290498568,0.040581996663445093,0.047023900698449805,0.055911857521679646,0.070572830569609668,0.00092248931138332458
z_Intercept_subj.2031,0.048782648104416931,0.0099466611836687441,0.034173213655500655,0.040742811906150082,0.047085764490068849,0.055969056076487014,0.070658023343543375,0.00092572717275387728
z_Intercept_subj.2032,0.048581913719808613,0.0098302820057114184,0.034088768739788625,0.040462364908883067,0.046970794330523785,0.055713847609837955,0.069954750272276198,0.0009173243824802653
z_Intercept_subj.2033,0.048596906165885793,0.0099016270948355245,0.034024427127575564,0.040566654077029946,0.046926549948670536,0.055694299272496625,0.070129376177154368,0.00092153963183594823
z_Intercept_subj.2034,0.048612403968970139,0.0098816813895262392,0.034052825175940944,0.040627700053208128,0.04689240740240861,0.055673207534223577,0.069839007753338844,0.00092009576128869279
z_Intercept_subj.2035,0.048538864742310603,0.0098387439466379976,0.034054297590626531,0.040558448900303905,0.046846489443886537,0.055474807775385937,0.069721731642527859,0.00091918224784300691
z_Intercept_subj.2036,0.048582984045180411,0.0099163623354459138,0.034049532450114099,0.040500831605538336,0.046837011221233238,0.055634935092914325,0.070574777098018529,0.00092098438861602653
z_Intercept_subj.2038,0.048529179831255972,0.0098571502844960555,0.034085957350525255,0.040569734837861644,0.046906240343804639,0.055475545645262025,0.069873171296451111,0.00091755452487915815
z_Intercept_subj.2039,0.048608629084398065,0.0098946327467796871,0.034021412793141866,0.040562151597426065,0.046924253970316632,0.055621718561615408,0.070325604955852467,0.00092012772579435232
z_Intercept_subj.2040,0.04881254065331786,0.0099805878820290721,0.034096613110142684,0.040770625635337475,0.047062272929880793,0.055977785444725363,0.070612490594834071,0.00092596226404945982
z_Intercept_subj.2041,0.048712115562516069,0.0099344630193868837,0.034054110332205116,0.040727116996501743,0.04702786479108071,0.055814230037488442,0.070736903575858101,0.00092315069664490135
z_Intercept_subj.2042,0.048709241494215086,0.0098946049398402104,0.034116476728355841,0.040681404030276029,0.047120176172312407,0.055613495255935293,0.070315078098748332,0.00092032992090237151
z_Intercept_subj.2043,0.048584341798905015,0.0098169257598506119,0.034089664427950535,0.040560618361942066,0.046911419931807988,0.055508632659163795,0.069436091644986014,0.00091416688040894172
z_Intercept_subj.2044,0.048651589093477762,0.0098691713447248107,0.034017782736464122,0.040699371277678434,0.046954733818738298,0.055682307578696889,0.069917779390906001,0.00091980270024894786
z_Intercept_subj.2045,0.048552907485197382,0.0098228687189957052,0.034040195286754289,0.04038824562698802,0.046914422730983681,0.055368435562195756,0.069745525523260701,0.00091723684349296686
z_Intercept_subj.2046,0.048783563702823621,0.0099607230205392885,0.034140338018143486,0.04078090746810388,0.046978273803909641,0.055894600254846993,0.070642146772695452,0.00092603652763178417
z_Intercept_subj.2047,0.048632477131882818,0.0098817926159931891,0.034055502097708593,0.040627033066814686,0.047051355619978107,0.055511082515366378,0.070179284734307748,0.00092246795409597123
