subj_idx,stim,response,rt,condition
2013,1,1,0.92355,1
2013,0,0,-2.4664,-1
2013,0,0,-2.0111,1
2013,-1.5,0,-1.3161,1
2013,0.5,1,2.7752,-1
2013,1.5,1,0.91295,-1
2013,-1,1,1.4517,1
2013,1,1,1.2904,1
2013,-1.5,0,-0.86822,-1
2013,-1.5,0,-2.1705,1
2013,-0.5,0,-1.2917,-1
2013,0.5,0,-3.0929,-1
2013,-0.5,0,-1.0038,-1
2013,-0.5,1,0.9762,1
2013,0,1,3.4212,-1
2013,1,1,1.396,-1
2013,1,1,1.431,1
2013,-1,0,-0.81208,1
2013,-0.5,1,1.2264,-1
2013,0.5,0,-1.2925,1
2013,-0.5,0,-2.1944,-1
2013,0.5,1,2.2746,1
2013,0,0,-5.3814,-1
2013,0,0,-1.6831,1
2013,0,0,-0.86752,1
2013,-0.5,0,-1.2895,1
2013,-1.5,0,-1.5554,-1
2013,-1.5,0,-3.9426,1
2013,1.5,1,1.0067,-1
2013,1,1,1.0035,-1
2013,-1,0,-1.046,-1
2013,0,0,-1.6656,-1
2013,-0.5,0,-4.7515,-1
2013,5,1,0.66784,1
2013,1.5,0,-1.5195,-1
2013,-1.5,1,2.5964,1
2013,1,1,2.2984,-1
2013,0,1,2.6011,-1
2013,0,0,-1.7444,-1
2013,-1,1,1.0941,-1
2013,-1,0,-1.5344,-1
2013,1.5,1,1.608,1
2013,-1,0,-2.8638,1
2013,0,0,-1.3093,1
2013,0,0,-1.0757,-1
2013,-0.5,0,-1.6159,1
2013,-1,0,-2.8237,1
2013,5,1,2.3205,1
2013,-1,0,-1.3263,-1
2013,-1.5,0,-1.1605,-1
2013,-0.5,1,2.3873,1
2013,1,1,1.3365,-1
2013,-0.5,1,2.6776,-1
2013,0.5,1,1.6414,-1
2013,1.5,1,1.9637,1
2013,1,1,1.9799,-1
2013,1,1,2.9411,1
2013,-0.5,0,-0.6397,-1
2013,0.5,1,3.0797,-1
2013,-1,1,0.98266,-1
2013,0,0,-0.87648,1
2013,-0.5,0,-2.0203,1
2013,-1,1,1.0598,1
2013,1,0,-1.3376,-1
2013,0,1,1.3134,1
2013,-0.5,0,-1.0261,-1
2013,-5,0,-1.0036,1
2013,0.5,0,-3.6143,-1
2013,-0.5,1,3.3599,1
2013,0,0,-2.0597,1
2013,0.5,0,-2.1474,-1
2013,-0.5,0,-1.2677,-1
2013,-1.5,0,-1.7665,1
2013,-1,1,1.8284,1
2013,0.5,1,1.7962,1
2013,0,0,-2.4338,-1
2013,0,1,0.93817,-1
2013,0.5,1,2.634,-1
2013,1.5,1,1.0974,1
2013,1,1,3.056,1
2013,0,0,-1.4647,-1
2013,0,1,2.6481,1
2013,-1.5,0,-0.79002,1
2013,0.5,1,1.0718,-1
2013,1.5,1,1.0514,-1
2013,-1,0,-2.308,1
2013,1,1,1.108,1
2013,-1.5,1,1.3053,-1
2013,-1.5,0,-1.527,1
2013,-0.5,1,4.295,-1
2013,0.5,1,1.4435,-1
2013,-0.5,0,-1.057,-1
2013,-0.5,0,-5.7553,1
2013,0,0,-1.8412,-1
2013,1,0,-3.5845,-1
2013,1,1,1.5494,1
2013,-1,0,-1.9483,1
2013,-0.5,0,-2.0381,-1
2013,0.5,1,1.0693,1
2013,-0.5,0,-4.0076,-1
2013,0.5,1,2.2303,1
2013,0,1,1.0172,-1
2013,0,0,-2.4069,1
2013,0,1,0.91062,1
2013,-0.5,0,-1.139,1
2013,-1.5,1,1.8983,-1
2013,-1.5,0,-1.2979,1
2013,1.5,1,1.7245,-1
2013,1,1,2.0593,-1
2013,-1,0,-2.2197,-1
2013,0,1,1.2596,-1
2013,-0.5,0,-0.99432,-1
2013,5,1,0.75209,1
2013,1.5,1,1.1015,-1
2013,-1.5,0,-2.0481,1
2013,1,1,1.3257,-1
2013,0,1,3.6371,-1
2013,0,1,1.4502,-1
2013,-1,0,-2.8969,-1
2013,-1,0,-1.0919,-1
2013,1.5,1,1.9536,1
2013,-1,1,0.89419,1
2013,0,0,-2.4046,1
2013,0,1,1.4838,-1
2013,-0.5,0,-1.7232,1
2013,-1,0,-0.80338,1
2013,5,1,0.79628,1
2013,-1,0,-1.2238,-1
2013,-1.5,0,-1.234,-1
2013,-0.5,0,-4.2858,1
2013,1,1,0.92189,-1
2013,-0.5,0,-1.6486,-1
2013,0.5,1,2.7993,-1
2013,1.5,1,2.0986,1
2013,1,1,2.4439,-1
2013,1,0,-1.1712,1
2013,-0.5,0,-0.88322,-1
2013,0.5,1,1.4518,-1
2013,-1,0,-1.9133,-1
2013,0,1,1.1404,1
2013,-0.5,1,3.3155,1
2013,-1,0,-2.0149,1
2013,1,1,0.9848,-1
2013,0,0,-0.98875,1
2013,-0.5,1,1.5857,-1
2013,-5,0,-1.0485,1
2013,0.5,1,1.932,-1
2013,-0.5,1,0.85343,1
2013,0,1,3.173,1
2013,0.5,1,0.9606,-1
2013,-0.5,1,4.5004,-1
2013,-1.5,0,-1.3188,1
2013,-1,0,-3.1056,1
2013,0.5,1,0.71616,1
2013,0,0,-2.8258,-1
2013,0,1,1.5584,-1
2013,0.5,0,-0.83317,-1
2013,1.5,1,0.74622,1
2015,1,1,0.83957,-1
2015,0,1,1.113,1
2015,-1,0,-1.3016,1
2015,-0.5,0,-3.5131,1
2015,1.5,1,1.2232,1
2015,0,0,-3.6925,1
2015,-0.5,1,1.2559,-1
2015,0,1,1.3381,1
2015,0,1,1.5958,1
2015,-1.5,0,-0.9005,-1
2015,-5,0,-0.92349,1
2015,-1.5,0,-1.4975,-1
2015,-0.5,1,1.9246,-1
2015,1,1,1.4703,1
2015,0.5,1,1.2028,1
2015,0.5,1,2.4945,-1
2015,-0.5,1,1.4862,1
2015,0.5,1,1.9051,1
2015,0,1,2.3673,-1
2015,0.5,1,0.88963,1
2015,1,1,0.68599,-1
2015,5,1,0.67328,1
2015,-1,0,-1.3501,1
2015,-1.5,1,2.2174,1
2015,-1,1,1.3312,1
2015,0,1,0.79771,-1
2015,-1,1,1.6055,-1
2015,-1,0,-2.1949,-1
2015,1.5,1,0.83319,1
2015,-5,0,-0.6411,-1
2015,0,1,1.055,1
2015,-0.5,1,1.211,1
2015,0.5,1,1.1584,1
2015,1,1,1.0823,-1
2015,-1.5,0,-1.3838,1
2015,1.5,1,0.75791,-1
2015,0.5,1,1.6122,1
2015,-1.5,0,-1.5469,1
2015,0.5,1,1.2202,1
2015,-1.5,0,-1.2075,1
2015,1,1,1.107,1
2015,-0.5,0,-1.8641,-1
2015,-0.5,1,1.7566,1
2015,0,0,-2.4683,-1
2015,0,1,3.8955,1
2015,-1,1,0.8292,1
2015,1,1,2.7884,-1
2015,1.5,1,0.76813,1
2015,-1,0,-2.4514,1
2015,-1,0,-0.88274,1
2015,1,1,1.5328,-1
2015,-0.5,1,1.6684,1
2015,-1,0,-0.99744,1
2015,1.5,1,0.74579,1
2015,1.5,1,1.2228,-1
2015,0,1,2.145,1
2015,0,1,0.80198,-1
2015,0,1,0.67823,-1
2015,-0.5,1,1.4805,1
2015,1,1,1.1404,1
2015,-0.5,1,4.0994,-1
2015,0.5,1,1.3679,-1
2015,0.5,1,1.9982,1
2015,-0.5,0,-1.6841,-1
2015,0,1,0.78162,-1
2015,-0.5,1,1.0543,-1
2015,-1,0,-1.1152,-1
2015,1,1,0.98715,1
2015,0,1,0.93695,1
2015,0,1,1.1726,1
2015,-1.5,1,1.2441,1
2015,1.5,1,0.81765,-1
2015,1,1,0.7629,1
2015,-0.5,0,-2.1218,-1
2015,-0.5,1,2.2527,1
2015,-1.5,0,-1.0572,1
2015,1,1,0.87172,1
2015,1,1,0.80393,-1
2015,0,1,0.84197,-1
2015,0,1,1.6206,1
2015,0,1,1.2522,-1
2015,-1,0,-1.6126,-1
2015,1,1,0.86874,1
2015,0.5,1,0.89579,-1
2015,0,1,1.1315,-1
2015,0,1,2.1108,1
2015,-0.5,0,-2.9183,-1
2015,1,1,0.78249,1
2015,-0.5,0,-4.462,-1
2015,0,0,-3.0419,-1
2015,-1.5,0,-0.83392,-1
2015,-1,0,-3.0159,-1
2015,5,1,0.71227,-1
2015,0.5,0,-2.1271,-1
2015,1,1,2.6643,-1
2015,1,1,0.99801,1
2015,-1.5,0,-1.0813,-1
2015,0,1,0.84372,-1
2015,0.5,1,1.0623,-1
2015,-1,0,-1.0662,-1
2015,0,1,1.2081,-1
2015,1,1,2.2545,-1
2015,1.5,1,1.0147,1
2015,0,1,1.0586,1
2015,1.5,1,1.404,-1
2015,1.5,1,0.92043,-1
2015,-1,1,1.6505,-1
2015,-1,0,-2.3663,-1
2015,-1.5,0,-1.2084,-1
2015,0.5,1,0.93576,1
2015,1.5,1,0.86731,-1
2015,0.5,1,3.0862,-1
2015,1,1,1.1884,-1
2015,0,1,0.8942,-1
2015,-0.5,0,-3.043,1
2015,-1,1,0.86047,-1
2015,-1.5,0,-1.8877,-1
2015,1.5,1,0.82021,1
2015,0.5,1,1.0652,-1
2015,5,1,0.71065,1
2015,0,1,2.3778,-1
2015,0.5,1,1.2045,-1
2015,-1,1,1.5218,1
2015,-5,0,-0.74284,1
2015,-1,1,1.3433,-1
2015,0.5,1,2.1757,-1
2015,0.5,1,1.7111,1
2015,0,1,1.3887,1
2015,-0.5,1,1.1054,-1
2015,-0.5,1,3.3492,1
2015,-0.5,0,-4.8196,-1
2015,5,1,0.81266,-1
2015,-0.5,0,-3.0016,1
2015,-1,0,-3.0733,1
2015,0.5,1,1.0601,1
2015,-0.5,0,-1.9809,1
2015,0.5,1,3.9315,-1
2015,0.5,1,1.4961,-1
2015,-5,0,-0.89328,-1
2015,1,1,2.7405,-1
2015,-0.5,0,-4.3816,-1
2015,0.5,1,1.8388,1
2015,0,1,1.2808,1
2015,-0.5,0,-1.6298,-1
2015,-0.5,0,-0.78975,1
2015,0,1,1.8601,-1
2015,1,1,0.92444,1
2015,0.5,1,3.1791,-1
2015,0,1,2.3344,-1
2015,-0.5,1,1.5136,-1
2015,0.5,1,1.1735,1
2015,0.5,1,2.3949,1
2015,0.5,0,-3.1716,-1
2015,0.5,1,2.1165,1
2015,0.5,1,0.92632,-1
2015,0,1,6.5874,1
2015,-0.5,1,3.0971,1
2015,-1,0,-1.073,1
2015,-0.5,1,1.1041,1
2016,1.5,1,1.1775,-1
2016,-0.5,1,0.98301,1
2016,-1.5,0,-1.2413,1
2016,0.5,1,1.1202,-1
2016,0,1,1.9754,1
2016,-1,0,-6.4745,-1
2016,1.5,1,1.0631,-1
2016,0,0,-2.3956,-1
2016,1.5,1,1.0984,-1
2016,-0.5,0,-4.335,1
2016,-1.5,0,-1.8729,1
2016,0.5,1,1.1448,-1
2016,0,0,-1.1671,1
2016,-1,0,-2.6444,-1
2016,1.5,1,0.86193,-1
2016,0,0,-1.6069,-1
2016,1.5,1,0.93318,-1
2016,-0.5,0,-1.0341,1
2016,-1.5,0,-1.7706,1
2016,0.5,0,-1.8647,-1
2016,0,1,2.1904,1
2016,-1,0,-2.5884,-1
2016,1.5,1,1.0114,-1
2016,0,1,1.3275,-1
2016,1.5,1,1.2511,-1
2016,-0.5,0,-1.5441,1
2016,-1.5,0,-0.98689,1
2016,0.5,0,-2.1679,-1
2016,0,1,0.97536,1
2016,-1,0,-1.3189,-1
2016,1.5,0,-1.1441,-1
2016,0,0,-1.3491,-1
2016,1.5,1,2.1698,-1
2016,-0.5,0,-2.3473,1
2016,-1.5,0,-1.9522,1
2016,0.5,1,2.5271,-1
2016,0,1,1.6103,1
2016,-1,1,2.1717,-1
2016,1.5,1,1.0379,-1
2016,0,1,1.7742,-1
2016,1.5,1,0.95098,-1
2016,-0.5,0,-1.0341,1
2016,-1.5,0,-0.95598,1
2016,0.5,0,-0.91125,-1
2016,0,1,4.1341,1
2016,-1,0,-1.9981,-1
2016,1.5,1,1.6609,-1
2016,0,1,2.0764,-1
2016,1.5,1,1.655,-1
2016,-0.5,0,-4.9764,1
2016,-1.5,0,-1.9192,1
2016,0.5,1,2.5518,-1
2016,0,1,1.7042,1
2016,-1,0,-2.1229,-1
2016,1.5,1,1.1423,-1
2016,0,1,1.2089,-1
2016,1.5,1,1.4672,-1
2016,-0.5,0,-1.7629,1
2016,-1.5,0,-1.05,1
2016,0.5,0,-1.1946,-1
2016,0,1,1.3482,1
2016,-1,0,-1.117,-1
2016,1.5,1,2.4928,-1
2016,0,1,1.027,-1
2016,1.5,1,1.238,-1
2016,-0.5,0,-1.3171,1
2016,-1.5,0,-2.5288,1
2016,0.5,1,2.7946,-1
2016,0,0,-2.8488,1
2016,-1,0,-2.3821,-1
2016,1.5,1,1.4083,-1
2016,0,0,-6.7354,-1
2016,1.5,1,1.0899,-1
2016,-0.5,0,-2.7194,1
2016,-1.5,0,-1.0562,1
2016,0.5,1,1.3825,-1
2016,0,1,2.189,1
2016,-1,0,-1.2769,-1
2016,1.5,1,1.686,-1
2016,0,1,0.95635,-1
2016,1.5,1,3.1849,-1
2016,-0.5,0,-1.4007,1
2016,-1.5,0,-1.1359,1
2016,0.5,1,1.195,-1
2016,0,1,0.95784,1
2016,-1,0,-1.8836,-1
2016,1.5,1,1.3618,-1
2016,0,1,2.8733,-1
2016,1.5,1,1.6504,-1
2016,-0.5,1,2.0787,1
2016,-1.5,0,-1.1442,1
2016,0.5,0,-1.653,-1
2016,0,1,1.7431,1
2016,-1,0,-1.2526,-1
2016,1.5,1,0.93837,-1
2016,0,0,-1.2637,-1
2016,1.5,1,1.0748,-1
2016,-0.5,1,1.0299,1
2016,-1.5,1,1.3903,1
2016,0.5,1,1.4832,-1
2016,0,1,3.705,1
2016,-1,1,0.84546,-1
2016,1.5,1,0.94403,-1
2016,0,1,0.91601,-1
2016,1.5,1,1.0515,-1
2016,-0.5,1,2.6832,1
2016,-1.5,0,-1.4803,1
2016,0.5,1,2.3063,-1
2016,0,1,2.7781,1
2016,-1,1,1.3691,-1
2016,1.5,1,1.2818,-1
2016,0,1,2.0283,-1
2016,1.5,1,1.4631,-1
2016,-0.5,1,1.7279,1
2016,-1.5,0,-3.8865,1
2016,0.5,1,1.2577,-1
2016,0,1,0.91022,1
2016,-1,0,-0.95116,-1
2016,1.5,1,1.7423,-1
2016,0,1,1.3288,-1
2016,1.5,1,1.422,-1
2016,-0.5,0,-1.2229,1
2016,-1.5,0,-1.5,1
2016,0.5,1,1.8976,-1
2016,0,0,-2.2035,1
2016,-1,0,-1.2071,-1
2016,1.5,1,2.0983,-1
2016,0,0,-1.6067,-1
2016,1.5,1,2.6424,-1
2016,-0.5,0,-1.3533,1
2016,-1.5,0,-1.9649,1
2016,0.5,1,1.2966,-1
2016,0,1,1.5278,1
2016,-1,1,1.1471,-1
2016,1.5,1,1.6692,-1
2016,0,1,1.3992,-1
2016,1.5,1,1.0532,-1
2016,-0.5,0,-1.5753,1
2016,-1.5,1,1.0748,1
2016,0.5,0,-1.1071,-1
2016,0,1,3.0649,1
2016,-1,0,-1.8311,-1
2016,1.5,1,1.4721,-1
2016,0,1,2.8462,-1
2016,1.5,0,-0.82679,-1
2016,-0.5,0,-1.8515,1
2016,-1.5,0,-1.6046,1
2016,0.5,0,-1.0088,-1
2016,0,1,1.5043,1
2016,-1,0,-1.273,-1
2016,1.5,1,1.1706,-1
2016,0,1,0.94178,-1
2016,1.5,1,1.888,-1
2016,-0.5,0,-1.234,1
2016,-1.5,0,-1.8968,1
2016,0.5,1,1.4959,-1
2016,0,1,1.3538,1
2016,-1,1,0.81661,-1
2016,1.5,1,1.431,-1
2016,0,1,2.9576,-1
2017,0.5,1,1.3683,-1
2017,-0.5,1,1.6661,-1
2017,1,1,1.1974,-1
2017,1,1,1.6569,-1
2017,1.5,1,2.0233,1
2017,-0.5,0,-1.2523,1
2017,-1.5,0,-1.3782,-1
2017,0,0,-1.8125,-1
2017,0.5,1,1.0849,-1
2017,-0.5,1,1.3118,-1
2017,1,1,2.1359,-1
2017,1,1,1.114,-1
2017,1.5,1,1.0674,1
2017,-0.5,0,-1.147,1
2017,-1.5,0,-3.0932,-1
2017,0,1,0.96207,-1
2017,0.5,1,2.0121,-1
2017,-0.5,0,-1.924,-1
2017,1,1,1.6531,-1
2017,1,1,0.97877,-1
2017,1.5,1,0.83992,1
2017,-0.5,0,-3.5672,1
2017,-1.5,1,3.8786,-1
2017,0,0,-1.9818,-1
2017,0.5,1,1.2069,-1
2017,-0.5,1,1.6561,-1
2017,1,1,1.5768,-1
2017,1,1,1.4014,-1
2017,1.5,1,0.75524,1
2017,-0.5,1,2.2711,1
2017,-1.5,0,-0.91964,-1
2017,0,1,2.5419,-1
2017,0.5,0,-1.7574,-1
2017,-0.5,1,1.0109,-1
2017,1,1,1.9463,-1
2017,1,1,1.2397,-1
2017,1.5,1,1.0496,1
2017,-0.5,1,0.92297,1
2017,-1.5,0,-0.9211,-1
2017,0,0,-1.9299,-1
2017,0.5,1,1.9516,-1
2017,-0.5,0,-1.8246,-1
2017,1,1,1.393,-1
2017,1,0,-0.95948,-1
2017,1.5,1,1.1436,1
2017,-0.5,1,1.9693,1
2017,-1.5,0,-2.8924,-1
2017,0,1,1.9648,-1
2017,0.5,1,0.8686,-1
2017,-0.5,1,1.5654,-1
2017,1,1,2.9261,-1
2017,1,1,1.3574,-1
2017,1.5,1,1.2911,1
2017,-0.5,0,-1.7819,1
2017,-1.5,0,-1.0413,-1
2017,0,0,-1.4828,-1
2017,0.5,1,1.0927,-1
2017,-0.5,0,-1.5812,-1
2017,1,1,1.3209,-1
2017,1,0,-2.1843,-1
2017,1.5,1,1.0583,1
2017,-0.5,0,-2.6503,1
2017,-1.5,0,-2.1999,-1
2017,0,1,2.5118,-1
2017,0.5,1,0.85285,-1
2017,-0.5,1,0.94972,-1
2017,1,1,1.0753,-1
2017,1,1,1.035,-1
2017,1.5,1,1.2409,1
2017,-0.5,1,1.0017,1
2017,-1.5,0,-2.6414,-1
2017,0,1,1.3677,-1
2017,0.5,1,1.8826,-1
2017,-0.5,0,-1.7497,-1
2017,1,1,1.3941,-1
2017,1,1,1.322,-1
2017,1.5,1,0.83419,1
2017,-0.5,0,-2.7368,1
2017,-1.5,0,-0.90338,-1
2017,0,1,1.1204,-1
2017,0.5,1,2.4633,-1
2017,-0.5,1,0.92173,-1
2017,1,1,1.7977,-1
2017,1,1,1.4669,-1
2017,1.5,1,0.89198,1
2017,-0.5,1,1.8443,1
2017,-1.5,1,2.7671,-1
2017,0,1,3.9516,-1
2017,0.5,1,1.5802,-1
2017,-0.5,0,-2.577,-1
2017,1,1,0.96088,-1
2017,1,1,1.6921,-1
2017,1.5,1,1.5407,1
2017,-0.5,1,1.5514,1
2017,-1.5,0,-1.8044,-1
2017,0,0,-1.5364,-1
2017,0.5,1,4.7223,-1
2017,-0.5,1,0.91775,-1
2017,1,1,4.3143,-1
2017,1,1,1.2832,-1
2017,1.5,1,1.8087,1
2017,-0.5,0,-1.0174,1
2017,-1.5,0,-0.89001,-1
2017,0,1,1.9821,-1
2017,0.5,1,0.81991,-1
2017,-0.5,0,-1.4154,-1
2017,1,1,0.99519,-1
2017,1,1,2.5601,-1
2017,1.5,1,2.0979,1
2017,-0.5,0,-4.1482,1
2017,-1.5,1,1.1593,-1
2017,0,1,0.92977,-1
2017,0.5,1,1.0249,-1
2017,-0.5,0,-1.0252,-1
2017,1,0,-1.0628,-1
2017,1,1,1.564,-1
2017,1.5,1,0.81051,1
2017,-0.5,1,1.19,1
2017,-1.5,0,-1.5307,-1
2017,0,0,-1.9734,-1
2017,0.5,0,-0.94859,-1
2017,-0.5,1,0.76271,-1
2017,1,1,1.1798,-1
2017,1,1,0.91563,-1
2017,1.5,1,1.2295,1
2017,-0.5,0,-1.0114,1
2017,-1.5,0,-1.4613,-1
2017,0,0,-1.7982,-1
2017,0.5,1,0.99196,-1
2017,-0.5,0,-3.6165,-1
2017,1,1,2.1052,-1
2017,1,1,2.9274,-1
2017,1.5,0,-1.3553,1
2017,-0.5,0,-1.9131,1
2017,-1.5,1,0.97239,-1
2017,0,1,3.5599,-1
2017,0.5,1,2.6869,-1
2017,-0.5,0,-3.7258,-1
2017,1,1,3.5429,-1
2017,1,1,3.0755,-1
2017,1.5,1,1.4431,1
2017,-0.5,1,1.2434,1
2017,-1.5,0,-1.6185,-1
2017,0,1,2.0152,-1
2017,0.5,1,1.4769,-1
2017,-0.5,1,1.291,-1
2017,1,1,2.6678,-1
2017,1,1,0.92547,-1
2017,1.5,1,0.78456,1
2017,-0.5,1,2.1939,1
2017,-1.5,0,-3.322,-1
2017,0,1,2.7971,-1
2017,0.5,1,1.8653,-1
2017,-0.5,1,2.0402,-1
2017,1,1,0.81069,-1
2017,1,1,2.9672,-1
2017,1.5,1,0.81296,1
2017,-0.5,0,-0.94605,1
2017,-1.5,1,1.1998,-1
2017,0,1,0.87647,-1
2018,-0.5,1,1.0805,-1
2018,0.5,0,-2.1376,-1
2018,0,1,1.9346,-1
2018,-0.5,1,1.6066,1
2018,0,1,1.7008,1
2018,-0.5,0,-2.1444,-1
2018,0.5,1,0.82431,-1
2018,0.5,1,0.94688,1
2018,-0.5,0,-1.6421,-1
2018,0.5,1,1.0021,-1
2018,0,1,5.12,-1
2018,-0.5,1,2.6117,1
2018,0,0,-2.4518,1
2018,-0.5,0,-0.95238,-1
2018,0.5,1,1.6218,-1
2018,0.5,0,-1.9526,1
2018,-0.5,1,0.78212,-1
2018,0.5,1,0.97025,-1
2018,0,1,4.5576,-1
2018,-0.5,0,-2.2286,1
2018,0,1,1.3478,1
2018,-0.5,0,-5.2686,-1
2018,0.5,1,1.9709,-1
2018,0.5,1,0.91782,1
2018,-0.5,0,-2.037,-1
2018,0.5,1,1.7845,-1
2018,0,1,4.0942,-1
2018,-0.5,1,1.768,1
2018,0,0,-0.99219,1
2018,-0.5,0,-0.8695,-1
2018,0.5,1,1.0147,-1
2018,0.5,1,1.6176,1
2018,-0.5,1,3.6133,-1
2018,0.5,1,1.6113,-1
2018,0,0,-4.9258,-1
2018,-0.5,1,2.7876,1
2018,0,1,1.3646,1
2018,-0.5,0,-3.969,-1
2018,0.5,0,-2.4588,-1
2018,0.5,0,-1.8507,1
2018,-0.5,1,3.0928,-1
2018,0.5,1,1.3034,-1
2018,0,0,-1.1504,-1
2018,-0.5,1,1.4959,1
2018,0,1,0.86993,1
2018,-0.5,0,-1.8445,-1
2018,0.5,1,1.7449,-1
2018,0.5,1,1.5637,1
2018,-0.5,0,-1.4848,-1
2018,0.5,1,2.9532,-1
2018,0,0,-1.8139,-1
2018,-0.5,0,-3.3962,1
2018,0,1,0.96421,1
2018,-0.5,0,-3.2029,-1
2018,0.5,1,1.3924,-1
2018,0.5,1,1.4287,1
2018,-0.5,0,-1.5794,-1
2018,0.5,1,1.5792,-1
2018,0,1,1.185,-1
2018,-0.5,0,-3.1202,1
2018,0,1,2.9066,1
2018,-0.5,0,-2.0695,-1
2018,0.5,1,2.9186,-1
2018,0.5,1,1.8278,1
2018,-0.5,0,-1.5387,-1
2018,0.5,0,-2.2403,-1
2018,0,1,3.0834,-1
2018,-0.5,1,2.2238,1
2018,0,1,0.9873,1
2018,-0.5,0,-1.1191,-1
2018,0.5,0,-4.3084,-1
2018,0.5,1,1.7118,1
2018,-0.5,0,-7.3602,-1
2018,0.5,0,-1.4565,-1
2018,0,1,1.3785,-1
2018,-0.5,1,2.4981,1
2018,0,0,-0.86503,1
2018,-0.5,0,-1.5921,-1
2018,0.5,1,2.6006,-1
2018,0.5,1,1.4788,1
2018,-0.5,0,-0.87385,-1
2018,0.5,1,3.5571,-1
2018,0,0,-0.92683,-1
2018,-0.5,0,-3.1472,1
2018,0,1,1.4051,1
2018,-0.5,0,-1.735,-1
2018,0.5,1,1.3431,-1
2018,0.5,1,1.5389,1
2018,-0.5,0,-5.2846,-1
2018,0.5,0,-1.4815,-1
2018,0,1,1.8437,-1
2018,-0.5,1,2.6842,1
2018,0,1,0.93371,1
2018,-0.5,0,-0.79322,-1
2018,0.5,1,2.0869,-1
2018,0.5,1,1.8353,1
2018,-0.5,0,-5.4959,-1
2018,0.5,1,1.2002,-1
2018,0,0,-0.9245,-1
2018,-0.5,0,-1.8252,1
2018,0,1,2.4776,1
2018,-0.5,0,-1.6739,-1
2018,0.5,0,-1.1204,-1
2018,0.5,1,1.9484,1
2018,-0.5,0,-1.64,-1
2018,0.5,1,1.1735,-1
2018,0,0,-2.1701,-1
2018,-0.5,1,1.5811,1
2018,0,1,1.6091,1
2018,-0.5,0,-2.2008,-1
2018,0.5,1,0.8491,-1
2018,0.5,1,0.98536,1
2018,-0.5,0,-1.6786,-1
2018,0.5,1,3.1739,-1
2018,0,1,1.321,-1
2018,-0.5,1,4.6148,1
2018,0,1,1.9819,1
2018,-0.5,0,-1.3126,-1
2018,0.5,1,2.8787,-1
2018,0.5,1,1.7664,1
2018,-0.5,0,-2.2733,-1
2018,0.5,1,1.5535,-1
2018,0,0,-2.4097,-1
2018,-0.5,1,7.3377,1
2018,0,1,0.7919,1
2018,-0.5,0,-1.6773,-1
2018,0.5,1,0.94376,-1
2018,0.5,1,1.694,1
2018,-0.5,0,-0.97819,-1
2018,0.5,0,-2.4167,-1
2018,0,0,-0.88625,-1
2018,-0.5,1,1.334,1
2018,0,1,0.95128,1
2018,-0.5,0,-1.1699,-1
2018,0.5,1,0.85927,-1
2018,0.5,1,0.91624,1
2018,-0.5,0,-4.4347,-1
2018,0.5,1,2.9631,-1
2018,0,0,-0.79521,-1
2018,-0.5,1,2.6203,1
2018,0,1,4.1605,1
2018,-0.5,0,-4.359,-1
2018,0.5,1,0.91152,-1
2018,0.5,1,1.3656,1
2018,-0.5,1,1.2409,-1
2018,0.5,0,-1.7236,-1
2018,0,0,-0.84912,-1
2018,-0.5,1,1.72,1
2018,0,0,-1.2403,1
2018,-0.5,0,-2.0284,-1
2018,0.5,0,-2.3722,-1
2018,0.5,1,3.6905,1
2018,-0.5,0,-1.2588,-1
2018,0.5,1,0.94074,-1
2018,0,0,-4.4519,-1
2018,-0.5,1,0.78102,1
2018,0,0,-1.8367,1
2018,-0.5,0,-0.90814,-1
2018,0.5,1,1.2715,-1
2018,0.5,1,2.3847,1
2019,0,0,-1.6029,-1
2019,-1,0,-0.90879,-1
2019,0.5,1,1.0998,1
2019,-0.5,0,-2.1169,1
2019,-1.5,0,-1.7776,1
2019,-0.5,0,-1.4442,-1
2019,-0.5,1,3.578,1
2019,-5,0,-1.0673,-1
2019,5,1,0.84916,-1
2019,1.5,1,1.281,-1
2019,-1,0,-1.1243,-1
2019,1,1,0.93887,-1
2019,-1,1,2.1314,1
2019,-0.5,0,-1.3087,-1
2019,1,1,1.2388,-1
2019,-0.5,0,-3.2306,1
2019,5,1,0.73867,1
2019,1,1,1.2301,-1
2019,0,1,2.5292,-1
2019,0,1,2.8714,1
2019,-0.5,0,-2.9853,-1
2019,-0.5,1,2.006,1
2019,0.5,1,2.4518,-1
2019,1,1,1.1786,-1
2019,1.5,1,1.0752,-1
2019,0.5,1,1.8798,1
2019,0.5,1,0.98498,1
2019,0,1,1.5884,-1
2019,0,1,1.5908,1
2019,-1.5,0,-2.4804,1
2019,0,0,-1.4198,1
2019,0.5,1,3.7842,-1
2019,0,1,0.93293,-1
2019,0,1,4.0738,-1
2019,-1.5,0,-1.6805,-1
2019,0,0,-2.1134,-1
2019,-0.5,0,-1.6865,-1
2019,-0.5,1,1.0208,1
2019,0.5,0,-1.3703,-1
2019,0.5,1,1.3446,-1
2019,-1.5,0,-1.2764,1
2019,0.5,0,-1.663,-1
2019,0,0,-1.2069,1
2019,1,1,1.3673,1
2019,0,1,1.4083,-1
2019,-0.5,0,-6.1134,1
2019,0,0,-1.3034,1
2019,0.5,1,1.1556,1
2019,0.5,1,1.8203,1
2019,-5,0,-1.0403,-1
2019,-1.5,0,-1.4323,-1
2019,-0.5,1,1.4789,-1
2019,0,0,-6.2182,-1
2019,-1,1,0.85592,1
2019,1.5,1,1.3441,1
2019,0,0,-3.5214,1
2019,0,1,1.0662,1
2019,-1,0,-2.0134,1
2019,-1.5,1,1.0532,1
2019,0,1,1.0044,1
2019,1,1,1.2263,-1
2019,1.5,1,1.8497,-1
2019,0,1,0.9216,-1
2019,-1,0,-1.6927,-1
2019,-0.5,1,0.82431,1
2019,1,1,0.92563,-1
2019,0,0,-1.112,-1
2019,1,1,1.2168,-1
2019,0,1,0.94572,1
2019,0.5,1,2.4372,1
2019,-1,1,3.2359,1
2019,-1,0,-3.5343,-1
2019,0.5,1,0.85539,1
2019,1.5,1,1.421,1
2019,1.5,1,0.86582,1
2019,-0.5,0,-1.0127,1
2019,0,1,1.3119,1
2019,0,1,0.96755,-1
2019,-1,0,-1.0953,-1
2019,0.5,1,2.1451,1
2019,-0.5,0,-0.80144,1
2019,-1.5,0,-3.817,1
2019,-0.5,0,-0.81114,-1
2019,-0.5,1,2.6527,1
2019,-5,0,-0.81614,-1
2019,5,1,0.79971,-1
2019,1.5,1,2.0178,-1
2019,-1,0,-2.9264,-1
2019,1,0,-0.89716,-1
2019,-1,0,-2.4655,1
2019,-0.5,0,-4.4559,-1
2019,1,1,0.89526,-1
2019,-0.5,0,-1.9547,1
2019,5,1,0.99194,1
2019,1,1,1.758,-1
2019,0,1,1.8051,-1
2019,0,1,1.2263,1
2019,-0.5,0,-1.1845,-1
2019,-0.5,1,2.477,1
2019,0.5,1,0.68718,-1
2019,1,1,2.5672,-1
2019,1.5,1,1.1301,-1
2019,0.5,1,0.93097,1
2019,0.5,1,2.6919,1
2019,0,1,1.1827,-1
2019,0,1,0.96179,1
2019,-1.5,0,-4.9442,1
2019,0,1,2.2737,1
2019,0.5,1,3.154,-1
2019,0,0,-1.0596,-1
2019,0,0,-3.1323,-1
2019,-1.5,0,-1.2144,-1
2019,0,0,-1.069,-1
2019,-0.5,0,-0.99334,-1
2019,-0.5,0,-3.455,1
2019,0.5,0,-1.7248,-1
2019,0.5,0,-1.224,-1
2019,-1.5,0,-2.5328,1
2019,0.5,0,-3.8396,-1
2019,0,1,0.89592,1
2019,1,1,1.0844,1
2019,0,1,3.8138,-1
2019,-0.5,1,2.4322,1
2019,0,1,1.0694,1
2019,0.5,0,-0.98593,1
2019,0.5,1,1.5944,1
2019,-5,0,-0.90697,-1
2019,-1.5,1,2.5558,-1
2019,-0.5,1,1.0805,-1
2019,0,0,-1.5366,-1
2019,-1,0,-0.92747,1
2019,1.5,1,1.7574,1
2019,0,1,4.3696,1
2019,0,1,0.74144,1
2019,-1,0,-1.136,1
2019,-1.5,0,-1.5328,1
2019,0,1,1.267,1
2019,1,0,-2.3716,-1
2019,1.5,1,1.2545,-1
2019,0,1,1.379,-1
2019,-1,0,-3.4886,-1
2019,-0.5,1,1.8858,1
2019,1,1,1.592,-1
2019,0,1,2.7397,-1
2019,1,1,0.88958,-1
2019,0,1,0.98862,1
2019,0.5,1,1.2386,1
2019,-1,1,1.5473,1
2019,-1,0,-3.0572,-1
2019,0.5,1,1.6433,1
2019,1.5,1,1.0601,1
2019,1.5,1,1.3197,1
2019,-0.5,0,-2.3467,1
2019,0,1,1.2619,1
2020,0,0,-1.2659,-1
2020,-1.5,0,-1.0433,-1
2020,0,1,1.5196,1
2020,-1.5,0,-1.0862,-1
2020,1.5,1,2.3501,1
2020,-0.5,0,-3.4904,-1
2020,0.5,1,1.9129,-1
2020,1,1,2.6962,-1
2020,-5,0,-1.2006,1
2020,0.5,1,3.9252,1
2020,0,0,-1.5431,-1
2020,-0.5,0,-4.3643,-1
2020,1,0,-1.5943,-1
2020,0.5,1,1.7729,-1
2020,-1,0,-2.9807,1
2020,0,0,-1.4647,-1
2020,-0.5,0,-2.0671,1
2020,0.5,1,0.96479,1
2020,-0.5,1,2.1793,1
2020,0,1,2.1653,1
2020,-1.5,0,-1.8707,-1
2020,1,0,-0.96384,-1
2020,-1.5,0,-1.4602,-1
2020,0,0,-1.3185,-1
2020,-0.5,1,1.0824,1
2020,-1,0,-0.98306,-1
2020,-1,1,1.3109,1
2020,-1,0,-1.5651,-1
2020,-0.5,1,1.5071,-1
2020,-0.5,0,-3.467,-1
2020,1.5,1,1.0169,1
2020,0.5,1,2.8552,-1
2020,5,1,1.7152,-1
2020,1.5,1,3.8297,-1
2020,0,0,-1.8153,-1
2020,1.5,1,1.1008,1
2020,-0.5,1,1.442,1
2020,0,0,-1.734,1
2020,-1,0,-5.7693,-1
2020,-0.5,0,-1.2708,-1
2020,0.5,0,-1.1273,1
2020,1,1,2.7489,1
2020,0,1,0.9944,1
2020,-0.5,1,0.978,1
2020,0,1,1.1158,1
2020,1.5,1,1.7529,-1
2020,-0.5,0,-2.4827,-1
2020,0.5,1,2.5213,1
2020,0.5,1,2.9656,1
2020,0,0,-3.9972,1
2020,0.5,0,-3.2289,1
2020,0.5,0,-3.5171,-1
2020,5,1,1.1546,1
2020,5,1,1.1247,1
2020,1,1,2.4744,1
2020,0.5,1,4.5707,-1
2020,1,1,3.4613,1
2020,-0.5,1,1.1378,-1
2020,1,1,3.4294,1
2020,0.5,1,2.2288,1
2020,-0.5,0,-1.4442,-1
2020,-0.5,1,2.0568,-1
2020,-0.5,0,-2.1792,-1
2020,1.5,1,0.96642,-1
2020,-1,0,-2.9144,1
2020,0,0,-1.9076,-1
2020,0.5,1,1.7331,1
2020,0.5,0,-4.1452,-1
2020,1,1,2.8464,-1
2020,0,0,-1.0069,-1
2020,0.5,0,-1.3799,-1
2020,-1,0,-1.1697,-1
2020,0,1,1.4077,1
2020,1,1,2.405,1
2020,1.5,0,-1.2263,-1
2020,-1,0,-3.3088,1
2020,1,1,1.1825,-1
2020,0.5,1,2.1246,1
2020,-1,0,-1.2666,-1
2020,0,1,4.0783,1
2020,1.5,0,-2.0779,-1
2020,1,1,3.9482,-1
2020,-0.5,0,-1.3703,-1
2020,-0.5,0,-1.4617,1
2020,5,1,1.3472,-1
2020,1,1,1.0574,1
2020,-0.5,1,3.9467,1
2020,-1,0,-1.2572,-1
2020,-1.5,0,-1.0623,-1
2020,0,0,-1.1871,-1
2020,-0.5,0,-0.92186,-1
2020,0.5,1,4.0614,-1
2020,-1,0,-1.1434,-1
2020,0,1,0.88924,-1
2020,1,0,-2.9135,-1
2020,1,1,3.1259,-1
2020,0.5,0,-3.8981,1
2020,1.5,1,1.1222,1
2020,0.5,1,5.9769,-1
2020,-1,0,-1.1655,-1
2020,0.5,0,-1.876,-1
2020,0,1,1.229,1
2020,1,1,2.881,-1
2020,-1,0,-1.8965,1
2020,-0.5,1,3.113,-1
2020,-1.5,0,-1.3397,1
2020,1.5,1,1.1965,1
2020,1,1,1.6836,1
2020,0,1,1.2063,-1
2020,0,1,1.9533,1
2020,-0.5,0,-2.6545,1
2020,0.5,1,1.0561,1
2020,-0.5,0,-4.7214,1
2020,-1,0,-1.0587,1
2020,0,1,2.974,1
2020,0.5,1,2.1484,1
2020,-1.5,0,-1.4046,1
2020,0.5,0,-3.1043,-1
2020,-1,0,-1.2949,1
2020,1,1,2.7013,1
2020,0.5,1,2.3196,1
2020,-1.5,0,-1.8994,-1
2020,-1.5,1,1.7877,1
2020,-0.5,1,1.7167,1
2020,0,1,2.3037,1
2020,-5,0,-0.97147,-1
2020,-1,0,-2.2374,1
2020,-0.5,1,4.7868,1
2020,-1.5,0,-0.90089,1
2020,0,0,-2.5959,1
2020,-1,0,-1.8915,-1
2020,0.5,0,-3.3142,-1
2020,0,1,2.2489,1
2020,1,1,4.1859,1
2020,0,0,-3.6554,-1
2020,-1,0,-1.4597,-1
2020,0,0,-2.2034,-1
2020,-5,0,-1.3025,-1
2020,0.5,0,-1.2619,-1
2020,0,1,3.4805,-1
2020,0,0,-1.8075,1
2020,-1,0,-1.1194,1
2020,-0.5,0,-1.9491,1
2020,0.5,0,-1.1371,-1
2020,0.5,1,4.3145,1
2020,-1.5,0,-2.208,1
2020,-5,0,-1.2168,1
2020,0,0,-1.3434,-1
2020,-0.5,0,-1.999,1
2020,-1,0,-1.3011,1
2020,-0.5,0,-2.1728,1
2020,0,1,2.2634,1
2020,-0.5,1,1.4145,-1
2020,-1.5,0,-1.5792,1
2020,1.5,1,0.92656,1
2020,1,1,1.9256,-1
2020,1,1,1.2407,1
2020,1.5,1,2.3992,-1
2020,0,1,2.5434,-1
2021,1,1,2.1056,1
2021,-0.5,1,1.3209,1
2021,-0.5,1,1.2494,1
2021,0.5,1,1.8459,-1
2021,1.5,1,0.99857,1
2021,-0.5,0,-0.89857,-1
2021,-1,0,-1.7678,1
2021,-1.5,0,-1.1709,1
2021,5,1,0.84434,-1
2021,0.5,1,1.164,1
2021,0.5,1,3.452,1
2021,-1.5,0,-1.7784,1
2021,-1,0,-0.76285,-1
2021,0.5,1,0.71693,-1
2021,0,1,3.1572,-1
2021,0.5,0,-1.7014,1
2021,-1,0,-3.1873,-1
2021,0,1,0.89981,1
2021,0,0,-3.6803,-1
2021,0,1,0.94899,1
2021,0,1,1.4377,1
2021,0,0,-1.155,-1
2021,-1,0,-1.7501,1
2021,-0.5,1,1.5676,-1
2021,1,0,-1.4449,-1
2021,1.5,1,0.8237,1
2021,-0.5,1,4.0966,1
2021,1.5,1,2.6555,-1
2021,-1.5,0,-1.3512,1
2021,1,0,-1.5305,1
2021,-0.5,0,-1.1915,1
2021,0,0,-2.0968,-1
2021,0,0,-2.5107,1
2021,-5,0,-0.94841,1
2021,-0.5,1,1.1389,1
2021,0,1,0.85479,1
2021,-0.5,1,0.86118,1
2021,1,1,1.5344,1
2021,0,0,-1.549,-1
2021,1.5,1,0.70617,-1
2021,1,1,2.3214,1
2021,-1,0,-0.75674,-1
2021,-0.5,1,0.7,1
2021,0,1,0.73228,1
2021,0.5,1,3.3926,1
2021,-1.5,0,-1.616,1
2021,5,1,0.71214,-1
2021,0.5,1,1.1794,-1
2021,1,0,-1.8105,-1
2021,-1.5,0,-0.79263,-1
2021,0,0,-1.1031,-1
2021,-0.5,0,-1.4761,-1
2021,0.5,0,-2.0609,-1
2021,0,0,-0.83409,1
2021,0.5,0,-0.92533,1
2021,5,1,0.71061,1
2021,0,1,1.8852,1
2021,1.5,0,-3.3902,-1
2021,0,1,0.78325,1
2021,-1,1,1.3384,-1
2021,0,0,-2.314,1
2021,-0.5,1,1.6647,1
2021,0.5,0,-4.2421,-1
2021,-5,0,-2.2124,1
2021,0,0,-1.3097,1
2021,1,1,1.4531,-1
2021,1,0,-2.1277,1
2021,0.5,1,2.3134,-1
2021,-1.5,0,-1.8036,-1
2021,1.5,1,1.3576,1
2021,1.5,1,1.1155,1
2021,-1,0,-1.6358,1
2021,-0.5,1,0.8976,1
2021,0.5,1,2.5267,1
2021,0.5,0,-1.3102,1
2021,0,1,0.7134,1
2021,0,1,6.0151,-1
2021,0.5,1,1.3708,-1
2021,-1,0,-0.85263,1
2021,1,1,1.2914,1
2021,-0.5,0,-0.93665,1
2021,-0.5,1,1.3444,1
2021,0.5,0,-1.8173,-1
2021,1.5,1,3.7955,1
2021,-0.5,0,-2.5998,-1
2021,-1,0,-0.66389,1
2021,-1.5,0,-1.0727,1
2021,5,1,0.80035,-1
2021,0.5,1,1.1336,1
2021,0.5,1,2.3238,1
2021,-1.5,0,-1.2901,1
2021,-1,1,2.0593,-1
2021,0.5,1,0.99986,-1
2021,0,0,-1.6373,-1
2021,0.5,1,1.8314,1
2021,-1,0,-1.0334,-1
2021,0,0,-2.7648,1
2021,0,0,-1.7112,-1
2021,0,1,1.1311,1
2021,0,1,1.9401,1
2021,0,1,1.4132,-1
2021,-1,0,-1.0954,1
2021,-0.5,0,-2.4564,-1
2021,1,1,1.0076,-1
2021,1.5,1,1.5427,1
2021,-0.5,0,-2.8648,1
2021,1.5,1,1.3948,-1
2021,-1.5,0,-0.84752,1
2021,1,0,-1.1969,1
2021,-0.5,1,2.5998,1
2021,0,0,-3.4806,-1
2021,0,0,-1.2607,1
2021,-5,0,-1.2069,1
2021,-0.5,1,2.4866,1
2021,0,1,1.5608,1
2021,-0.5,0,-3.333,1
2021,1,1,3.1004,1
2021,0,1,1.6068,-1
2021,1.5,0,-1.6292,-1
2021,1,1,1.9376,1
2021,-1,0,-1.6793,-1
2021,-0.5,0,-0.98435,1
2021,0,1,2.3824,1
2021,0.5,0,-2.1977,1
2021,-1.5,0,-1.4054,1
2021,5,1,1.7925,-1
2021,0.5,0,-0.75825,-1
2021,1,1,2.578,-1
2021,-1.5,0,-2.5269,-1
2021,0,1,2.8546,-1
2021,-0.5,0,-0.87032,-1
2021,0.5,1,1.9772,-1
2021,0,0,-2.1423,1
2021,0.5,1,1.281,1
2021,5,1,0.7318,1
2021,0,1,2.1915,1
2021,1.5,1,1.9102,-1
2021,0,1,3.7366,1
2021,-1,1,1.2801,-1
2021,0,1,1.4103,1
2021,-0.5,0,-2.4756,1
2021,0.5,0,-1.5017,-1
2021,-5,0,-1.6471,1
2021,0,1,4.2639,1
2021,1,0,-3.3952,-1
2021,1,1,1.2728,1
2021,0.5,0,-3.4616,-1
2021,-1.5,0,-1.8709,-1
2021,1.5,1,1.0057,1
2021,1.5,0,-1.197,1
2021,-1,0,-3.202,1
2021,-0.5,0,-2.8992,1
2021,0.5,1,1.3612,1
2021,0.5,1,1.5211,1
2021,0,1,4.0416,1
2021,0,0,-4.6092,-1
2021,0.5,0,-2.8349,-1
2021,-1,0,-1.4043,1
2022,1,1,1.1477,1
2022,1.5,1,2.5648,-1
2022,0,0,-1.4164,1
2022,1,1,1.4684,-1
2022,-1,0,-1.3593,-1
2022,0,1,1.2332,1
2022,-1,0,-1.6635,1
2022,-0.5,0,-4.0587,1
2022,1,0,-3.618,1
2022,1.5,1,5.921,-1
2022,0,1,2.1171,1
2022,1,0,-2.6955,-1
2022,-1,0,-1.5846,-1
2022,0,0,-1.2464,1
2022,-1,0,-1.9594,1
2022,-0.5,0,-1.9076,1
2022,1,1,2.8264,1
2022,1.5,1,2.33,-1
2022,0,1,2.5584,1
2022,1,0,-2.6112,-1
2022,-1,0,-3.9791,-1
2022,0,1,2.9158,1
2022,-1,0,-1.3867,1
2022,-0.5,0,-3.4559,1
2022,1,1,2.7728,1
2022,1.5,1,1.0504,-1
2022,0,0,-3.8661,1
2022,1,0,-3.2318,-1
2022,-1,0,-1.2013,-1
2022,0,0,-5.4021,1
2022,-1,0,-1.1491,1
2022,-0.5,0,-1.7463,1
2022,1,0,-1.5721,1
2022,1.5,1,2.3064,-1
2022,0,1,2.8174,1
2022,1,0,-3.2626,-1
2022,-1,0,-1.7829,-1
2022,0,1,4.4767,1
2022,-1,0,-3.5617,1
2022,-0.5,0,-1.8808,1
2022,1,1,1.2758,1
2022,1.5,1,1.4263,-1
2022,0,0,-2.6856,1
2022,1,0,-2.4727,-1
2022,-1,0,-2.01,-1
2022,0,1,2.9878,1
2022,-1,0,-2.6103,1
2022,-0.5,0,-1.6771,1
2022,1,1,6.7128,1
2022,1.5,1,3.5653,-1
2022,0,0,-1.1635,1
2022,1,1,6.5549,-1
2022,-1,0,-1.4383,-1
2022,0,1,3.0311,1
2022,-1,0,-1.2274,1
2022,-0.5,0,-1.7011,1
2022,1,0,-1.3217,1
2022,1.5,1,3.1313,-1
2022,0,1,1.1984,1
2022,1,1,2.7412,-1
2022,-1,0,-1.7906,-1
2022,0,1,3.2902,1
2022,-1,0,-1.2945,1
2022,-0.5,0,-2.5988,1
2022,1,1,3.1241,1
2022,1.5,1,1.1763,-1
2022,0,1,1.7732,1
2022,1,1,2.165,-1
2022,-1,0,-1.7096,-1
2022,0,0,-2.9112,1
2022,-1,0,-1.2115,1
2022,-0.5,0,-1.4096,1
2022,1,1,1.4093,1
2022,1.5,1,3.9579,-1
2022,0,0,-1.5696,1
2022,1,1,1.4752,-1
2022,-1,0,-1.7325,-1
2022,0,1,5.9225,1
2022,-1,0,-3.74,1
2022,-0.5,0,-1.5055,1
2022,1,1,1.6062,1
2022,1.5,1,2.2063,-1
2022,0,0,-2.172,1
2022,1,1,1.4556,-1
2022,-1,0,-1.8659,-1
2022,0,1,3.1945,1
2022,-1,0,-1.7565,1
2022,-0.5,0,-3.4942,1
2022,1,0,-2.1762,1
2022,1.5,1,1.2167,-1
2022,0,0,-2.5611,1
2022,1,1,6.8977,-1
2022,-1,0,-1.647,-1
2022,0,0,-2.9028,1
2022,-1,0,-2.3031,1
2022,-0.5,1,1.2429,1
2022,1,1,2.5019,1
2022,1.5,1,3.7384,-1
2022,0,1,1.0964,1
2022,1,1,1.7105,-1
2022,-1,0,-1.8184,-1
2022,0,1,4.4856,1
2022,-1,0,-1.3932,1
2022,-0.5,0,-1.333,1
2022,1,1,1.9742,1
2022,1.5,1,3.7434,-1
2022,0,0,-4.5547,1
2022,1,0,-2.5169,-1
2022,-1,0,-2.1102,-1
2022,0,0,-3.5623,1
2022,-1,0,-1.5709,1
2022,-0.5,0,-2.6997,1
2022,1,1,1.9585,1
2022,1.5,1,2.4823,-1
2022,0,1,1.4123,1
2022,1,0,-1.1121,-1
2022,-1,0,-2.2542,-1
2022,0,0,-3.0816,1
2022,-1,0,-4.8747,1
2022,-0.5,0,-1.3689,1
2022,1,1,1.4429,1
2022,1.5,1,1.0639,-1
2022,0,1,1.8096,1
2022,1,1,2.5949,-1
2022,-1,0,-1.3167,-1
2022,0,0,-4.8724,1
2022,-1,0,-1.4593,1
2022,-0.5,0,-2.0808,1
2022,1,0,-2.4326,1
2022,1.5,1,1.5113,-1
2022,0,0,-2.4444,1
2022,1,1,1.4556,-1
2022,-1,0,-1.5568,-1
2022,0,1,3.6962,1
2022,-1,0,-1.8265,1
2022,-0.5,1,1.3614,1
2022,1,1,2.2014,1
2022,1.5,1,1.3568,-1
2022,0,0,-1.3837,1
2022,1,1,2.5164,-1
2022,-1,0,-3.8271,-1
2022,0,0,-2.015,1
2022,-1,0,-1.3859,1
2022,-0.5,0,-1.8609,1
2022,1,1,1.9974,1
2022,1.5,1,1.6289,-1
2022,0,1,1.3112,1
2022,1,1,1.1725,-1
2022,-1,0,-1.6539,-1
2022,0,1,3.6729,1
2022,-1,0,-1.5016,1
2022,-0.5,0,-4.1988,1
2022,1,1,4.2171,1
2022,1.5,1,3.2077,-1
2022,0,0,-2.1889,1
2022,1,1,1.6399,-1
2022,-1,0,-1.2549,-1
2022,0,0,-2.3311,1
2022,-1,0,-3.8938,1
2022,-0.5,0,-1.3482,1
2024,0.5,1,1.0682,-1
2024,0.5,1,1.1751,1
2024,0,1,0.92847,-1
2024,0,1,1.5753,1
2024,0,0,-0.82276,-1
2024,-0.5,0,-2.6632,-1
2024,0,0,-1.9146,-1
2024,0,1,1.0619,1
2024,0.5,1,2.0051,-1
2024,0.5,1,1.1476,1
2024,0,1,1.7282,-1
2024,0,1,1.6214,1
2024,0,0,-2.7899,-1
2024,-0.5,0,-1.7149,-1
2024,0,1,2.7439,-1
2024,0,0,-2.0904,1
2024,0.5,1,1.2018,-1
2024,0.5,1,2.5066,1
2024,0,0,-1.1742,-1
2024,0,0,-1.2477,1
2024,0,0,-1.4556,-1
2024,-0.5,0,-0.72987,-1
2024,0,0,-1.8841,-1
2024,0,0,-4.0349,1
2024,0.5,1,1.3812,-1
2024,0.5,1,2.0401,1
2024,0,0,-1.1147,-1
2024,0,0,-2.1073,1
2024,0,0,-3.315,-1
2024,-0.5,1,2.4971,-1
2024,0,0,-2.6201,-1
2024,0,1,1.9035,1
2024,0.5,1,3.1211,-1
2024,0.5,1,1.2858,1
2024,0,0,-1.4649,-1
2024,0,1,1.1386,1
2024,0,0,-1.3295,-1
2024,-0.5,0,-1.4681,-1
2024,0,1,2.828,-1
2024,0,0,-1.8019,1
2024,0.5,0,-0.91299,-1
2024,0.5,0,-1.0143,1
2024,0,1,1.4715,-1
2024,0,0,-1.7126,1
2024,0,1,1.7884,-1
2024,-0.5,0,-1.5644,-1
2024,0,0,-1.2584,-1
2024,0,1,0.90667,1
2024,0.5,1,1.6831,-1
2024,0.5,1,3.3014,1
2024,0,0,-1.4174,-1
2024,0,0,-1.042,1
2024,0,0,-1.4355,-1
2024,-0.5,0,-3.1471,-1
2024,0,0,-1.1868,-1
2024,0,1,3.4902,1
2024,0.5,1,2.2376,-1
2024,0.5,1,2.0039,1
2024,0,0,-2.2022,-1
2024,0,1,1.7579,1
2024,0,1,1.5894,-1
2024,-0.5,0,-2.9236,-1
2024,0,1,0.92365,-1
2024,0,1,1.436,1
2024,0.5,0,-3.7743,-1
2024,0.5,0,-1.6426,1
2024,0,1,1.2088,-1
2024,0,1,0.84142,1
2024,0,0,-2.458,-1
2024,-0.5,0,-1.4169,-1
2024,0,0,-1.362,-1
2024,0,0,-3.2174,1
2024,0.5,0,-1.5956,-1
2024,0.5,1,1.7332,1
2024,0,1,1.2874,-1
2024,0,0,-1.391,1
2024,0,1,1.2561,-1
2024,-0.5,1,1.1673,-1
2024,0,0,-1.9222,-1
2024,0,1,0.86095,1
2024,0.5,0,-0.82105,-1
2024,0.5,1,2.3276,1
2024,0,0,-0.85591,-1
2024,0,0,-2.4026,1
2024,0,1,1.4336,-1
2024,-0.5,1,2.4624,-1
2024,0,1,1.8384,-1
2024,0,0,-1.7993,1
2024,0.5,1,1.6994,-1
2024,0.5,1,3.1552,1
2024,0,0,-8.0123,-1
2024,0,1,2.8038,1
2024,0,1,1.8933,-1
2024,-0.5,0,-3.6853,-1
2024,0,0,-4.1395,-1
2024,0,1,3.0314,1
2024,0.5,1,1.905,-1
2024,0.5,1,2.0827,1
2024,0,1,3.4997,-1
2024,0,1,0.87132,1
2024,0,0,-1.3358,-1
2024,-0.5,0,-0.84143,-1
2024,0,0,-2.8462,-1
2024,0,1,1.2369,1
2024,0.5,1,2.112,-1
2024,0.5,0,-0.94845,1
2024,0,1,0.85733,-1
2024,0,0,-2.9344,1
2024,0,0,-0.71078,-1
2024,-0.5,0,-1.0645,-1
2024,0,0,-1.6006,-1
2024,0,1,1.3182,1
2024,0.5,1,1.515,-1
2024,0.5,1,2.0326,1
2024,0,1,1.0454,-1
2024,0,0,-4.4671,1
2024,0,0,-1.4103,-1
2024,-0.5,0,-0.7187,-1
2024,0,0,-1.4515,-1
2024,0,1,1.2175,1
2024,0.5,0,-1.7031,-1
2024,0.5,1,1.671,1
2024,0,1,1.9842,-1
2024,0,1,1.5331,1
2024,0,0,-1.4263,-1
2024,-0.5,1,1.7609,-1
2024,0,0,-1.0474,-1
2024,0,1,1.0071,1
2024,0.5,1,3.6007,-1
2024,0.5,1,1.1236,1
2024,0,0,-0.93556,-1
2024,0,1,0.96723,1
2024,0,0,-0.93727,-1
2024,-0.5,0,-1.7507,-1
2024,0,0,-1.0527,-1
2024,0,0,-0.95068,1
2024,0.5,0,-1.0301,-1
2024,0.5,0,-1.9104,1
2024,0,0,-1.4864,-1
2024,0,1,1.4325,1
2024,0,0,-2.0832,-1
2024,-0.5,0,-1.4519,-1
2024,0,0,-1.1604,-1
2024,0,1,1.3223,1
2024,0.5,1,6.604,-1
2024,0.5,1,1.205,1
2024,0,1,2.0541,-1
2024,0,1,2.4567,1
2024,0,1,1.5173,-1
2024,-0.5,0,-2.2026,-1
2024,0,0,-1.4403,-1
2024,0,0,-1.3901,1
2024,0.5,1,0.91759,-1
2024,0.5,0,-1.5396,1
2024,0,0,-0.95337,-1
2024,0,1,0.97149,1
2024,0,0,-2.0539,-1
2024,-0.5,0,-0.85272,-1
2024,0,0,-2.6462,-1
2024,0,1,1.9975,1
2027,-1,0,-0.84464,1
2027,-0.5,0,-4.2293,1
2027,0,1,2.4134,1
2027,1,1,1.5536,-1
2027,1.5,1,2.4228,-1
2027,0,0,-0.97591,1
2027,1,1,0.79262,1
2027,0.5,1,1.2391,1
2027,-1,0,-2.3368,1
2027,-0.5,0,-1.1452,1
2027,0,1,2.0191,1
2027,1,1,1.2108,-1
2027,1.5,1,0.80113,-1
2027,0,1,2.7041,1
2027,1,1,1.3518,1
2027,0.5,0,-1.553,1
2027,-1,1,2.238,1
2027,-0.5,0,-1.0628,1
2027,0,0,-1.6417,1
2027,1,1,1.1259,-1
2027,1.5,1,1.1466,-1
2027,0,0,-3.4914,1
2027,1,1,1.0877,1
2027,0.5,0,-1.0013,1
2027,-1,0,-1.6988,1
2027,-0.5,0,-1.1318,1
2027,0,1,0.76318,1
2027,1,1,1.2108,-1
2027,1.5,1,0.8433,-1
2027,0,1,1.7777,1
2027,1,1,0.79633,1
2027,0.5,0,-1.1514,1
2027,-1,0,-1.0606,1
2027,-0.5,0,-1.0881,1
2027,0,1,2.5498,1
2027,1,0,-2.7712,-1
2027,1.5,1,0.72364,-1
2027,0,0,-2.5366,1
2027,1,1,1.0454,1
2027,0.5,0,-1.2681,1
2027,-1,0,-0.87438,1
2027,-0.5,1,1.5837,1
2027,0,0,-2.0041,1
2027,1,1,1.0695,-1
2027,1.5,1,0.77352,-1
2027,0,0,-1.4423,1
2027,1,1,1.0899,1
2027,0.5,1,1.0974,1
2027,-1,0,-1.0717,1
2027,-0.5,0,-0.71711,1
2027,0,1,0.75743,1
2027,1,0,-0.9344,-1
2027,1.5,1,1.5799,-1
2027,0,1,2.3847,1
2027,1,1,0.68702,1
2027,0.5,1,1.5362,1
2027,-1,1,1.1109,1
2027,-0.5,0,-1.3422,1
2027,0,1,0.75426,1
2027,1,1,1.9044,-1
2027,1.5,1,0.80545,-1
2027,0,0,-1.2702,1
2027,1,1,1.0915,1
2027,0.5,1,1.5366,1
2027,-1,0,-1.2595,1
2027,-0.5,0,-1.1893,1
2027,0,1,2.0187,1
2027,1,1,1.0268,-1
2027,1.5,1,1.2492,-1
2027,0,1,4.6221,1
2027,1,1,1.0122,1
2027,0.5,1,0.94484,1
2027,-1,0,-0.7673,1
2027,-0.5,1,1.0791,1
2027,0,1,1.1579,1
2027,1,1,1.0667,-1
2027,1.5,1,1.3425,-1
2027,0,1,1.3116,1
2027,1,1,1.0932,1
2027,0.5,1,0.99758,1
2027,-1,0,-2.1123,1
2027,-0.5,1,0.92812,1
2027,0,1,4.3784,1
2027,1,0,-1.2022,-1
2027,1.5,1,1.051,-1
2027,0,1,1.0262,1
2027,1,1,1.102,1
2027,0.5,0,-2.1397,1
2027,-1,1,4.6196,1
2027,-0.5,0,-1.0688,1
2027,0,1,1.3884,1
2027,1,1,1.8891,-1
2027,1.5,1,0.84442,-1
2027,0,1,1.2706,1
2027,1,1,1.3863,1
2027,0.5,1,0.88155,1
2027,-1,0,-1.1384,1
2027,-0.5,1,1.7855,1
2027,0,1,1.4784,1
2027,1,1,2.9456,-1
2027,1.5,1,0.95225,-1
2027,0,0,-5.5063,1
2027,1,1,1.3483,1
2027,0.5,1,0.73904,1
2027,-1,0,-1.3883,1
2027,-0.5,1,1.1,1
2027,0,1,1.6646,1
2027,1,1,1.0059,-1
2027,1.5,1,2.0519,-1
2027,0,0,-0.98282,1
2027,1,1,1.0103,1
2027,0.5,1,1.1203,1
2027,-1,0,-2.9209,1
2027,-0.5,0,-1.4076,1
2027,0,1,1.2145,1
2027,1,0,-1.0984,-1
2027,1.5,1,1.8278,-1
2027,0,1,1.3605,1
2027,1,1,0.97155,1
2027,0.5,1,0.78867,1
2027,-1,0,-2.5517,1
2027,-0.5,1,1.8638,1
2027,0,1,0.81682,1
2027,1,1,1.8938,-1
2027,1.5,1,1.1752,-1
2027,0,1,1.0505,1
2027,1,1,1.2311,1
2027,0.5,0,-0.7884,1
2027,-1,0,-2.1614,1
2027,-0.5,0,-0.86181,1
2027,0,1,1.4186,1
2027,1,0,-1.1225,-1
2027,1.5,1,1.7527,-1
2027,0,0,-1.5273,1
2027,1,1,1.8372,1
2027,0.5,1,1.6943,1
2027,-1,1,0.87429,1
2027,-0.5,1,0.95252,1
2027,0,1,0.98356,1
2027,1,1,1.6654,-1
2027,1.5,1,0.83485,-1
2027,0,1,4.1728,1
2027,1,1,1.2965,1
2027,0.5,1,3.1702,1
2027,-1,0,-1.6234,1
2027,-0.5,1,1.3116,1
2027,0,1,2.3735,1
2027,1,1,2.1974,-1
2027,1.5,1,0.95714,-1
2027,0,1,1.0477,1
2027,1,1,1.3174,1
2027,0.5,1,0.79378,1
2027,-1,0,-0.92398,1
2027,-0.5,1,1.4752,1
2027,0,0,-5.1864,1
2027,1,1,0.85876,-1
2027,1.5,1,0.84027,-1
2027,0,1,2.0446,1
2027,1,1,0.89335,1
2027,0.5,1,1.946,1
2028,0.5,1,1.0028,1
2028,1,1,0.92703,1
2028,-0.5,1,1.2937,1
2028,0,0,-1.9765,-1
2028,0.5,1,2.5451,-1
2028,0.5,1,0.74347,1
2028,1,1,2.2753,1
2028,-0.5,0,-0.76458,-1
2028,-1.5,0,-1.7833,1
2028,1,1,1.7374,1
2028,-5,0,-0.99289,1
2028,-1.5,0,-1.2099,-1
2028,0,0,-0.90831,1
2028,0,1,2.2185,-1
2028,0,1,1.2079,1
2028,0.5,1,1.4706,-1
2028,0,0,-5.888,-1
2028,-0.5,0,-0.89067,-1
2028,1.5,1,0.76408,1
2028,-0.5,0,-2.4295,1
2028,-1.5,1,1.2812,1
2028,0.5,1,1.2323,1
2028,0,0,-2.6079,1
2028,-1,0,-3.1203,-1
2028,0.5,1,1.238,-1
2028,1,1,1.3013,1
2028,1,1,1.328,-1
2028,0.5,1,2.2109,1
2028,-0.5,1,4.9114,1
2028,0.5,1,0.83009,1
2028,-1,1,2.8224,1
2028,0,0,-2.9431,1
2028,0.5,1,2.9069,1
2028,0.5,1,1.4603,-1
2028,1.5,1,1.4357,-1
2028,-0.5,0,-2.2999,-1
2028,-1,1,3.5931,-1
2028,1.5,1,1.2922,1
2028,-1,0,-2.61,-1
2028,0.5,1,2.0183,1
2028,1,0,-1.2056,-1
2028,1.5,1,1.3023,-1
2028,-0.5,0,-1.4117,-1
2028,-1.5,0,-0.83958,-1
2028,0.5,1,1.4813,1
2028,1,1,1.0913,-1
2028,0,0,-4.3402,-1
2028,-0.5,0,-3.0739,-1
2028,-1,0,-1.5902,1
2028,-1,0,-2.5101,-1
2028,-0.5,0,-1.5176,1
2028,-1,1,1.4676,1
2028,0,0,-1.3767,1
2028,-1,0,-1.1678,1
2028,0.5,1,1.5684,-1
2028,0,1,2.0211,-1
2028,0,0,-1.6141,1
2028,-0.5,1,1.6115,1
2028,0,1,1.0848,-1
2028,0.5,1,1.8581,1
2028,-1.5,0,-3.0584,1
2028,-5,0,-1.0964,-1
2028,-1,0,-1.9022,1
2028,1,1,3.5364,-1
2028,0.5,1,1.4547,1
2028,1,1,0.85559,1
2028,-0.5,0,-1.2551,-1
2028,-0.5,0,-1.6605,1
2028,0,1,1.7577,1
2028,-1,0,-4.1402,-1
2028,0.5,1,0.92139,1
2028,-0.5,1,1.7554,1
2028,0,1,0.76653,1
2028,0.5,1,1.1618,-1
2028,5,1,1.0081,1
2028,1.5,1,1.1183,1
2028,-0.5,0,-2.1155,-1
2028,-1,1,0.59829,-1
2028,-1.5,0,-0.75659,-1
2028,0.5,1,1.698,1
2028,1,1,1.1229,1
2028,-0.5,1,0.76433,1
2028,0,1,4.0534,-1
2028,0.5,1,1.1252,-1
2028,0.5,1,1.7816,1
2028,1,1,1.7069,1
2028,-0.5,1,2.5887,-1
2028,-1.5,0,-1.4179,1
2028,1,1,0.85945,1
2028,-5,0,-0.82137,1
2028,-1.5,0,-1.1413,-1
2028,0,1,1.2603,1
2028,0,1,1.1147,-1
2028,0,0,-1.2099,1
2028,0.5,1,0.79082,-1
2028,0,1,1.6546,-1
2028,-0.5,1,2.7076,-1
2028,1.5,1,1.2899,1
2028,-0.5,1,1.3865,1
2028,-1.5,0,-0.854,1
2028,0.5,0,-2.5529,1
2028,0,1,2.2175,1
2028,-1,0,-1.5816,-1
2028,0.5,1,1.6608,-1
2028,1,1,1.534,1
2028,1,0,-0.92622,-1
2028,0.5,1,1.2819,1
2028,-0.5,0,-1.0629,1
2028,0.5,1,1.1397,1
2028,-1,0,-3.1272,1
2028,0,0,-2.6037,1
2028,0.5,1,0.76896,1
2028,0.5,1,1.2825,-1
2028,1.5,1,2.4751,-1
2028,-0.5,0,-1.0774,-1
2028,-1,0,-4.0824,-1
2028,1.5,1,1.2291,1
2028,-1,0,-3.0882,-1
2028,0.5,1,3.5241,1
2028,1,1,0.96138,-1
2028,1.5,1,0.93721,-1
2028,-0.5,0,-1.1454,-1
2028,-1.5,0,-1.5228,-1
2028,0.5,1,0.93917,1
2028,1,1,2.5638,-1
2028,0,1,1.8511,-1
2028,-0.5,0,-2.2747,-1
2028,-1,0,-0.94548,1
2028,-1,1,3.0246,-1
2028,-0.5,0,-0.98071,1
2028,-1,1,1.2205,1
2028,0,0,-2.4359,1
2028,-1,0,-2.2894,1
2028,0.5,1,0.70433,-1
2028,0,1,2.397,-1
2028,0,1,1.0846,1
2028,-0.5,0,-1.7388,1
2028,0,0,-0.99586,-1
2028,0.5,1,1.5661,1
2028,-1.5,0,-1.2954,1
2028,-5,0,-0.70329,-1
2028,-1,0,-1.0705,1
2028,1,1,1.2124,-1
2028,0.5,1,1.8008,1
2028,1,1,1.6752,1
2028,-0.5,0,-3.0169,-1
2028,-0.5,0,-1.174,1
2028,0,1,2.2268,1
2028,-1,0,-1.3042,-1
2028,0.5,1,2.6962,1
2028,-0.5,0,-1.4768,1
2028,0,1,1.5075,1
2028,0.5,1,2.7521,-1
2028,5,1,0.88778,1
2028,1.5,1,0.90705,1
2028,-0.5,1,2.3766,-1
2028,-1,0,-0.86057,-1
2028,-1.5,0,-1.0005,-1
2029,0.5,0,-2.0763,1
2029,-0.5,0,-1.2792,1
2029,-0.5,0,-1.0002,-1
2029,0.5,1,0.99677,1
2029,-1,0,-1.2457,1
2029,0,1,1.7012,-1
2029,-1.5,0,-1.6214,1
2029,1,0,-1.4482,-1
2029,0.5,1,1.3193,1
2029,-0.5,0,-1.2302,1
2029,-0.5,0,-2.5687,-1
2029,0.5,1,1.0738,1
2029,-1,0,-1.0767,1
2029,0,0,-1.3819,-1
2029,-1.5,0,-1.115,1
2029,1,1,1.4919,-1
2029,0.5,1,1.9034,1
2029,-0.5,1,1.5446,1
2029,-0.5,0,-1.5603,-1
2029,0.5,0,-2.9194,1
2029,-1,0,-1.0774,1
2029,0,0,-3.9118,-1
2029,-1.5,0,-1.0344,1
2029,1,0,-3.0374,-1
2029,0.5,1,4.137,1
2029,-0.5,0,-1.2589,1
2029,-0.5,0,-2.9748,-1
2029,0.5,1,3.7557,1
2029,-1,0,-1.6641,1
2029,0,0,-1.9448,-1
2029,-1.5,1,1.6688,1
2029,1,1,2.5222,-1
2029,0.5,0,-1.9841,1
2029,-0.5,0,-2.8474,1
2029,-0.5,1,1.681,-1
2029,0.5,1,1.0449,1
2029,-1,0,-1.505,1
2029,0,1,1.7454,-1
2029,-1.5,0,-0.95362,1
2029,1,1,1.1159,-1
2029,0.5,1,2.7025,1
2029,-0.5,0,-2.4853,1
2029,-0.5,0,-2.4546,-1
2029,0.5,1,3.1056,1
2029,-1,0,-1.2829,1
2029,0,1,2.0708,-1
2029,-1.5,0,-1.0673,1
2029,1,1,1.2047,-1
2029,0.5,1,1.4756,1
2029,-0.5,1,1.2987,1
2029,-0.5,0,-2.1672,-1
2029,0.5,0,-2.2816,1
2029,-1,0,-5.2083,1
2029,0,0,-2.8639,-1
2029,-1.5,0,-3.44,1
2029,1,1,1.2363,-1
2029,0.5,1,2.2661,1
2029,-0.5,0,-1.4913,1
2029,-0.5,0,-0.87536,-1
2029,0.5,1,4.3387,1
2029,-1,0,-0.97249,1
2029,0,1,0.88913,-1
2029,-1.5,0,-1.2464,1
2029,1,1,0.84616,-1
2029,0.5,1,1.4217,1
2029,-0.5,0,-2.1665,1
2029,-0.5,0,-2.1684,-1
2029,0.5,1,2.0056,1
2029,-1,0,-1.9011,1
2029,0,0,-1.0884,-1
2029,-1.5,0,-1.0796,1
2029,1,1,1.3274,-1
2029,0.5,1,2.5119,1
2029,-0.5,1,1.5952,1
2029,-0.5,1,1.4825,-1
2029,0.5,1,1.6027,1
2029,-1,0,-2.9967,1
2029,0,0,-3.1158,-1
2029,-1.5,0,-2.0003,1
2029,1,1,1.1842,-1
2029,0.5,0,-1.8431,1
2029,-0.5,0,-1.111,1
2029,-0.5,1,2.2172,-1
2029,0.5,1,1.4555,1
2029,-1,0,-1.626,1
2029,0,1,2.3322,-1
2029,-1.5,0,-1.1831,1
2029,1,0,-3.8666,-1
2029,0.5,1,1.7861,1
2029,-0.5,1,1.702,1
2029,-0.5,0,-1.0188,-1
2029,0.5,1,1.6298,1
2029,-1,0,-0.89791,1
2029,0,0,-4.2296,-1
2029,-1.5,0,-1.8931,1
2029,1,0,-1.1327,-1
2029,0.5,1,1.5527,1
2029,-0.5,0,-1.3093,1
2029,-0.5,0,-1.5147,-1
2029,0.5,0,-1.2507,1
2029,-1,1,1.6392,1
2029,0,1,0.95266,-1
2029,-1.5,0,-1.4999,1
2029,1,1,3.0448,-1
2029,0.5,1,0.98572,1
2029,-0.5,0,-1.3918,1
2029,-0.5,0,-3.9169,-1
2029,0.5,1,2.013,1
2029,-1,0,-1.2675,1
2029,0,1,2.634,-1
2029,-1.5,0,-1.4632,1
2029,1,1,1.5668,-1
2029,0.5,1,3.6352,1
2029,-0.5,0,-1.0758,1
2029,-0.5,1,1.7006,-1
2029,0.5,1,1.5802,1
2029,-1,0,-1.3982,1
2029,0,0,-0.93553,-1
2029,-1.5,0,-1.0409,1
2029,1,1,1.4895,-1
2029,0.5,1,2.242,1
2029,-0.5,1,1.6801,1
2029,-0.5,0,-3.1778,-1
2029,0.5,0,-0.8214,1
2029,-1,0,-1.2119,1
2029,0,1,3.2706,-1
2029,-1.5,0,-2.051,1
2029,1,1,1.5128,-1
2029,0.5,0,-2.6136,1
2029,-0.5,0,-2.7425,1
2029,-0.5,0,-1.4095,-1
2029,0.5,1,2.9553,1
2029,-1,0,-1.1479,1
2029,0,1,3.4536,-1
2029,-1.5,0,-1.7168,1
2029,1,1,1.3773,-1
2029,0.5,0,-1.0086,1
2029,-0.5,0,-2.2086,1
2029,-0.5,0,-2.338,-1
2029,0.5,1,2.9792,1
2029,-1,0,-2.6329,1
2029,0,1,1.3989,-1
2029,-1.5,0,-2.2036,1
2029,1,1,3.8171,-1
2029,0.5,1,1.0889,1
2029,-0.5,0,-1.2176,1
2029,-0.5,1,3.5707,-1
2029,0.5,0,-1.0123,1
2029,-1,0,-0.96443,1
2029,0,1,1.6707,-1
2029,-1.5,0,-1.1875,1
2029,1,1,0.86428,-1
2029,0.5,0,-2.3345,1
2029,-0.5,0,-3.1614,1
2029,-0.5,0,-0.94415,-1
2029,0.5,1,1.2422,1
2029,-1,0,-1.2604,1
2029,0,1,1.6561,-1
2029,-1.5,0,-1.2334,1
2029,1,1,2.7478,-1
2030,1,1,3.27,1
2030,0.5,1,1.7935,1
2030,-0.5,0,-4.6459,-1
2030,0.5,1,2.5416,-1
2030,0.5,1,3.2497,-1
2030,0.5,0,-2.0045,-1
2030,-0.5,0,-1.2169,1
2030,-0.5,0,-3.4129,-1
2030,1.5,1,1.3241,1
2030,0,0,-1.3368,-1
2030,-0.5,0,-3.1284,-1
2030,1,1,2.6562,1
2030,-1,0,-0.83051,1
2030,0,0,-1.8689,1
2030,-0.5,0,-1.2405,1
2030,-1.5,0,-1.3696,1
2030,1.5,1,0.915,-1
2030,-1.5,0,-0.7789,-1
2030,0.5,1,2.0652,1
2030,-1,1,1.0148,-1
2030,1,1,1.4261,-1
2030,0.5,1,1.2891,-1
2030,0,1,1.7998,-1
2030,0.5,1,0.72117,-1
2030,-0.5,0,-4.5236,1
2030,0,0,-2.6597,-1
2030,1,1,1.4129,-1
2030,1,1,1.2766,1
2030,-1,0,-7.027,1
2030,0.5,1,1.6263,1
2030,0,0,-1.2719,-1
2030,0,1,1.2919,-1
2030,-5,0,-0.82744,1
2030,-1,1,0.91543,-1
2030,-1.5,0,-1.1325,1
2030,-1,0,-1.2678,1
2030,-1,0,-2.2081,1
2030,-0.5,1,1.2243,-1
2030,-1,0,-2.6425,-1
2030,5,1,0.88471,1
2030,-0.5,0,-0.71978,1
2030,1,1,0.98008,1
2030,-1,0,-1.802,1
2030,0.5,1,3.9149,-1
2030,-1.5,0,-1.0038,1
2030,0,1,3.8853,1
2030,1,0,-1.1521,-1
2030,-0.5,0,-1.7548,-1
2030,1,1,3.1051,-1
2030,-1,0,-0.98937,-1
2030,-1.5,0,-0.86076,-1
2030,1,1,2.9156,-1
2030,-5,0,-0.75981,-1
2030,-0.5,1,2.1498,-1
2030,0.5,1,4.6156,1
2030,0.5,1,1.5034,1
2030,-0.5,1,1.8147,1
2030,-0.5,0,-4.1992,1
2030,5,1,0.75143,1
2030,5,1,0.66628,-1
2030,0.5,1,1.6394,-1
2030,-1,0,-1.2451,1
2030,-0.5,0,-1.4536,-1
2030,-1.5,0,-3.1658,-1
2030,0,1,1.1712,-1
2030,-0.5,0,-3.6708,1
2030,-1.5,0,-2.4736,1
2030,0.5,1,0.84411,1
2030,0.5,0,-2.3984,-1
2030,0,1,1.7481,-1
2030,1,1,0.82947,-1
2030,1,1,0.65608,1
2030,-1.5,0,-3.6992,-1
2030,-0.5,1,1.5675,-1
2030,-0.5,1,2.8457,1
2030,0.5,1,2.1026,1
2030,-1,0,-2.4707,-1
2030,0,1,2.3984,1
2030,1.5,1,0.74145,-1
2030,1.5,1,2.5577,-1
2030,1.5,1,1.4024,1
2030,0,1,1.6348,1
2030,1,1,0.7501,1
2030,1,0,-1.7813,-1
2030,0.5,1,3.1506,-1
2030,-5,0,-1.0496,1
2030,0,1,1.1398,1
2030,1,1,2.0206,-1
2030,-1,0,-1.44,1
2030,-1,0,-1.4611,1
2030,0,1,1.3949,1
2030,1,1,1.6666,1
2030,0,0,-2.5432,-1
2030,0,1,1.0206,1
2030,1,1,0.79157,1
2030,0.5,1,0.95073,1
2030,0,0,-0.85678,1
2030,1,1,1.0156,-1
2030,-1,0,-1.0971,-1
2030,0,0,-1.2175,-1
2030,1.5,1,1.7619,-1
2030,0.5,0,-1.0267,1
2030,5,1,1.2954,-1
2030,0,1,0.8163,-1
2030,0,0,-1.2166,1
2030,-0.5,0,-1.9933,1
2030,1.5,1,1.0815,1
2030,-0.5,0,-1.0542,-1
2030,-0.5,0,-1.4772,1
2030,0,0,-1.1354,-1
2030,-1,1,1.817,-1
2030,0.5,1,1.9261,1
2030,1,1,1.3269,-1
2030,1.5,1,1.3158,-1
2030,-1.5,0,-2.195,1
2030,1.5,1,1.2401,1
2030,0.5,0,-2.1037,-1
2030,-0.5,0,-2.5258,-1
2030,-0.5,1,0.87149,1
2030,0,0,-2.0624,1
2030,0.5,1,1.1264,1
2030,0.5,1,1.8948,-1
2030,0,0,-1.0992,1
2030,-0.5,1,1.3865,1
2030,0,0,-1.0127,-1
2030,0,1,0.89978,-1
2030,-1.5,0,-3.1133,1
2030,1,1,1.0724,1
2030,0,0,-1.6124,-1
2030,-0.5,0,-2.6426,-1
2030,-0.5,1,2.1967,1
2030,0,1,0.98328,-1
2030,0.5,0,-2.0036,-1
2030,0.5,1,1.4209,1
2030,-1,1,1.277,-1
2030,0.5,0,-1.1827,-1
2030,0,0,-0.97997,-1
2030,0,1,0.87854,1
2030,-1,0,-1.0601,-1
2030,-1,1,0.76286,1
2030,-1.5,0,-1.3304,-1
2030,-5,0,-0.99556,-1
2030,-0.5,0,-3.1919,1
2030,0,1,0.80668,1
2030,-0.5,1,1.0609,-1
2030,0.5,0,-1.3837,1
2030,-1,1,3.7609,1
2030,-0.5,0,-2.2643,-1
2030,-0.5,1,2.5948,-1
2030,0,0,-3.6103,1
2030,0,0,-2.7312,1
2030,1.5,0,-0.96031,1
2030,0.5,0,-1.8422,-1
2030,1.5,1,1.0866,1
2030,-1.5,0,-2.1523,-1
2030,0.5,0,-0.7916,1
2030,1.5,1,0.82492,-1
2030,-1,0,-5.1289,-1
2030,1,1,1.6528,1
2031,1,1,0.93815,1
2031,0.5,1,2.1151,1
2031,1.5,1,0.8954,-1
2031,1.5,1,0.96257,-1
2031,-1,0,-1.4316,1
2031,-1,0,-1.1431,1
2031,0,1,1.5333,-1
2031,-0.5,0,-1.2472,-1
2031,1,1,0.80604,1
2031,0.5,0,-1.1631,1
2031,1.5,1,0.86093,-1
2031,1.5,1,0.97613,-1
2031,-1,0,-1.136,1
2031,-1,0,-2.3123,1
2031,0,1,1.8885,-1
2031,-0.5,0,-0.88821,-1
2031,1,1,2.162,1
2031,0.5,1,0.78989,1
2031,1.5,1,0.73502,-1
2031,1.5,1,0.64082,-1
2031,-1,0,-1.467,1
2031,-1,0,-0.74946,1
2031,0,0,-1.3076,-1
2031,-0.5,0,-2.8502,-1
2031,1,1,1.6815,1
2031,0.5,0,-1.4713,1
2031,1.5,1,0.65393,-1
2031,1.5,1,1.0881,-1
2031,-1,0,-3.0155,1
2031,-1,0,-0.72061,1
2031,0,1,1.3215,-1
2031,-0.5,1,2.7603,-1
2031,1,1,0.80354,1
2031,0.5,1,2.5921,1
2031,1.5,1,2.0186,-1
2031,1.5,1,1.5373,-1
2031,-1,1,1.6016,1
2031,-1,1,0.65669,1
2031,0,1,2.0547,-1
2031,-0.5,0,-0.71251,-1
2031,1,1,0.83686,1
2031,0.5,1,1.8421,1
2031,1.5,1,0.9334,-1
2031,1.5,1,0.66223,-1
2031,-1,0,-3.327,1
2031,-1,0,-3.0023,1
2031,0,1,1.1729,-1
2031,-0.5,1,2.8971,-1
2031,1,1,2.3076,1
2031,0.5,1,0.74623,1
2031,1.5,1,1.341,-1
2031,1.5,1,0.81785,-1
2031,-1,0,-3.224,1
2031,-1,0,-0.66488,1
2031,0,1,1.5386,-1
2031,-0.5,1,1.4356,-1
2031,1,1,0.76315,1
2031,0.5,1,0.91657,1
2031,1.5,1,1.3345,-1
2031,1.5,1,0.95026,-1
2031,-1,0,-1.1255,1
2031,-1,0,-1.4621,1
2031,0,0,-1.6491,-1
2031,-0.5,0,-1.7884,-1
2031,1,1,2.3833,1
2031,0.5,0,-0.7736,1
2031,1.5,1,1.4792,-1
2031,1.5,1,0.84364,-1
2031,-1,0,-0.9584,1
2031,-1,0,-0.71541,1
2031,0,1,1.1893,-1
2031,-0.5,0,-1.7664,-1
2031,1,1,0.79708,1
2031,0.5,1,1.574,1
2031,1.5,1,0.81535,-1
2031,1.5,1,0.73531,-1
2031,-1,1,1.3027,1
2031,-1,0,-2.2569,1
2031,0,1,1.8494,-1
2031,-0.5,0,-0.98909,-1
2031,1,1,0.70423,1
2031,0.5,0,-1.5612,1
2031,1.5,1,0.84951,-1
2031,1.5,1,1.291,-1
2031,-1,0,-1.2065,1
2031,-1,0,-1.3926,1
2031,0,1,0.87493,-1
2031,-0.5,0,-2.5086,-1
2031,1,1,1.2707,1
2031,0.5,1,1.4165,1
2031,1.5,1,1.097,-1
2031,1.5,1,0.82923,-1
2031,-1,0,-2.9142,1
2031,-1,0,-0.74166,1
2031,0,1,0.89137,-1
2031,-0.5,1,2.9422,-1
2031,1,1,1.1396,1
2031,0.5,1,1.1152,1
2031,1.5,1,1.2379,-1
2031,1.5,1,1.0478,-1
2031,-1,0,-1.808,1
2031,-1,0,-0.89598,1
2031,0,0,-3.4373,-1
2031,-0.5,0,-1.4622,-1
2031,1,1,1.1251,1
2031,0.5,1,2.5971,1
2031,1.5,1,0.88355,-1
2031,1.5,1,1.423,-1
2031,-1,0,-1.2423,1
2031,-1,0,-1.9169,1
2031,0,1,0.92829,-1
2031,-0.5,0,-1.993,-1
2031,1,1,0.94529,1
2031,0.5,1,1.2043,1
2031,1.5,1,1.1275,-1
2031,1.5,1,1.3937,-1
2031,-1,0,-1.1755,1
2031,-1,0,-1.8147,1
2031,0,1,1.5467,-1
2031,-0.5,0,-1.7148,-1
2031,1,1,0.55978,1
2031,0.5,1,1.7305,1
2031,1.5,1,0.69441,-1
2031,1.5,1,1.204,-1
2031,-1,1,0.84966,1
2031,-1,0,-0.72528,1
2031,0,0,-1.2821,-1
2031,-0.5,0,-1.4012,-1
2031,1,1,1.7117,1
2031,0.5,1,4.7693,1
2031,1.5,1,1.2779,-1
2031,1.5,1,1.0696,-1
2031,-1,0,-2.9896,1
2031,-1,0,-1.052,1
2031,0,0,-1.5276,-1
2031,-0.5,1,1.4601,-1
2031,1,1,0.85926,1
2031,0.5,1,1.0353,1
2031,1.5,1,1.6866,-1
2031,1.5,1,0.73637,-1
2031,-1,1,2.315,1
2031,-1,1,1.0824,1
2031,0,0,-1.4686,-1
2031,-0.5,0,-1.1972,-1
2031,1,1,1.3732,1
2031,0.5,1,0.88356,1
2031,1.5,1,1.6625,-1
2031,1.5,1,0.94816,-1
2031,-1,0,-1.546,1
2031,-1,0,-1.772,1
2031,0,1,1.6641,-1
2031,-0.5,0,-1.223,-1
2031,1,1,0.67781,1
2031,0.5,1,4.1519,1
2031,1.5,1,1.3773,-1
2031,1.5,1,0.76679,-1
2031,-1,0,-1.0801,1
2031,-1,1,1.5202,1
2031,0,1,0.97844,-1
2031,-0.5,0,-1.846,-1
2032,-1.5,0,-1.1839,-1
2032,1,1,1.198,-1
2032,-1,0,-1.0682,-1
2032,0.5,0,-2.9678,-1
2032,-0.5,0,-1.7754,1
2032,-0.5,0,-2.2874,1
2032,-0.5,0,-2.3223,-1
2032,0,1,1.6862,1
2032,0,0,-1.278,1
2032,-1,1,1.2317,-1
2032,0,1,4.6922,1
2032,0,0,-2.6482,1
2032,0,1,3.3233,1
2032,0.5,0,-2.6665,-1
2032,-0.5,1,1.6571,-1
2032,0,0,-1.4605,1
2032,-0.5,1,1.6659,1
2032,-0.5,0,-5.5508,1
2032,0.5,0,-3.6732,-1
2032,-1,0,-3.1695,-1
2032,-0.5,0,-3.4302,1
2032,0.5,0,-1.3991,1
2032,-0.5,0,-2.2901,-1
2032,0,0,-2.712,1
2032,0,1,3.0244,-1
2032,-1,1,0.87464,1
2032,-5,0,-0.69062,1
2032,1,1,1.2467,1
2032,-1,0,-1.1443,-1
2032,-0.5,0,-0.88016,-1
2032,1.5,1,1.8713,1
2032,1,1,0.71535,1
2032,-0.5,0,-1.0611,-1
2032,-0.5,0,-1.2221,-1
2032,-5,0,-0.97715,-1
2032,0.5,0,-7.9885,-1
2032,1.5,1,1.6386,-1
2032,-1.5,0,-1.1259,1
2032,5,1,0.78449,-1
2032,-1,0,-1.9968,1
2032,0.5,1,1.501,-1
2032,0,0,-1.946,-1
2032,1,1,1.06,1
2032,0,0,-1.4009,1
2032,-1,0,-1.7454,1
2032,1.5,1,2.239,-1
2032,0.5,1,3.3336,-1
2032,-0.5,0,-1.6494,1
2032,-1,0,-3.2625,-1
2032,-1,0,-2.3059,-1
2032,-5,0,-0.73407,-1
2032,1.5,1,3.1699,1
2032,1.5,1,0.80659,-1
2032,1,1,1.0838,1
2032,1,1,2.8839,-1
2032,0,0,-0.96026,-1
2032,-1,0,-0.96469,-1
2032,0.5,1,2.5094,-1
2032,0.5,0,-1.9014,1
2032,0,0,-3.6872,1
2032,1,1,1.5415,1
2032,-1,0,-0.75139,-1
2032,-1,1,1.2327,1
2032,-0.5,0,-2.1178,1
2032,0,1,0.97946,-1
2032,0,1,2.6165,-1
2032,0,1,2.4063,1
2032,0,1,3.3208,-1
2032,0.5,1,1.417,1
2032,1.5,1,0.61247,1
2032,1,1,0.87882,-1
2032,-1.5,0,-1.309,1
2032,0,0,-1.2959,1
2032,-0.5,0,-0.94135,-1
2032,-0.5,0,-2.6343,1
2032,1,1,0.80665,-1
2032,1.5,1,2.7099,1
2032,1,1,1.8309,-1
2032,0.5,1,1.536,1
2032,-5,0,-0.7785,1
2032,1,1,5.9295,-1
2032,0,0,-2.2668,-1
2032,-1.5,0,-0.99392,1
2032,-1,0,-1.9136,1
2032,0.5,1,2.5093,1
2032,0,1,1.386,-1
2032,-1,0,-0.78356,-1
2032,0.5,0,-2.1402,1
2032,0,0,-4.4355,-1
2032,0.5,0,-0.87824,1
2032,0,1,1.5812,1
2032,-0.5,0,-3.0352,1
2032,0,0,-1.224,-1
2032,0.5,1,2.2478,1
2032,-0.5,0,-0.69718,-1
2032,0.5,0,-1.234,-1
2032,-1.5,0,-1.545,-1
2032,-0.5,0,-0.96389,1
2032,1,1,1.2479,-1
2032,-1,1,0.89207,1
2032,-1,0,-0.9821,1
2032,0.5,1,4.9273,-1
2032,1.5,1,1.11,1
2032,-0.5,0,-2.7862,1
2032,-1.5,0,-1.2884,1
2032,0,0,-1.1678,1
2032,0,0,-1.282,1
2032,-1.5,0,-1.4673,-1
2032,-1.5,0,-2.459,1
2032,-0.5,1,1.0186,-1
2032,-0.5,0,-1.7345,1
2032,0,0,-1.821,-1
2032,0.5,0,-1.8701,1
2032,0.5,0,-2.205,1
2032,-0.5,0,-2.6926,-1
2032,0.5,1,1.1275,-1
2032,1,1,1.2542,1
2032,-0.5,0,-1.3636,-1
2032,-1.5,0,-1.3796,1
2032,-0.5,0,-2.2588,1
2032,0.5,1,3.3011,-1
2032,0.5,1,2.6039,1
2032,1,0,-1.996,-1
2032,5,1,0.60812,-1
2032,5,1,0.81256,1
2032,0,1,2.3405,1
2032,0.5,1,1.0547,-1
2032,-0.5,0,-1.6184,-1
2032,0.5,1,2.6579,1
2032,1,0,-0.89109,1
2032,1.5,1,3.3184,-1
2032,1,1,5.414,1
2032,-0.5,0,-1.99,-1
2032,1,1,1.4474,-1
2032,-0.5,0,-2.8671,-1
2032,-0.5,0,-7.3637,1
2032,0,1,2.7649,1
2032,1,1,1.3511,1
2032,0.5,1,8.3351,-1
2032,0.5,1,3.6543,1
2032,5,1,0.88369,1
2032,-1,0,-1.8108,1
2032,1,1,1.6757,-1
2032,-1,0,-0.90101,1
2032,-1,0,-1.5891,1
2032,-1.5,0,-1.2554,-1
2032,0.5,1,1.0925,1
2032,-1,0,-0.66897,-1
2032,1,1,1.5715,1
2032,1.5,1,1.4212,-1
2032,-1.5,0,-2.7835,-1
2032,0,1,0.77408,-1
2032,0.5,1,0.89292,-1
2032,0,0,-2.385,-1
2032,0,0,-1.5719,-1
2032,0,1,1.0601,-1
2032,1.5,1,2.4926,1
2032,-1.5,0,-1.1048,-1
2032,1.5,1,1.1036,-1
2033,-0.5,1,0.626,-1
2033,1,1,2.4232,-1
2033,-1,0,-0.81746,1
2033,-1,0,-2.082,1
2033,0,1,1.9952,1
2033,0,0,-0.95594,-1
2033,0,1,0.92322,1
2033,0.5,1,1.4853,-1
2033,-0.5,1,1.6813,-1
2033,1,1,1.0508,-1
2033,-1,0,-1.5892,1
2033,-1,0,-0.98118,1
2033,0,1,0.62505,1
2033,0,1,0.5572,-1
2033,0,0,-1.1388,1
2033,0.5,1,0.78052,-1
2033,-0.5,1,0.92609,-1
2033,1,0,-0.72998,-1
2033,-1,1,1.2765,1
2033,-1,0,-0.74771,1
2033,0,1,0.95523,1
2033,0,0,-1.4212,-1
2033,0,1,2.4959,1
2033,0.5,1,0.8913,-1
2033,-0.5,0,-0.75893,-1
2033,1,1,0.80639,-1
2033,-1,1,1.0174,1
2033,-1,0,-0.81086,1
2033,0,0,-1.9114,1
2033,0,0,-0.73043,-1
2033,0,1,1.0681,1
2033,0.5,1,1.6197,-1
2033,-0.5,0,-2.6734,-1
2033,1,1,0.77575,-1
2033,-1,0,-2.225,1
2033,-1,0,-0.89771,1
2033,0,1,0.88807,1
2033,0,0,-2.8091,-1
2033,0,1,0.82053,1
2033,0.5,1,1.1736,-1
2033,-0.5,1,1.884,-1
2033,1,1,1.759,-1
2033,-1,0,-2.0346,1
2033,-1,0,-1.2969,1
2033,0,1,0.75332,1
2033,0,1,0.88886,-1
2033,0,1,1.7442,1
2033,0.5,1,0.64073,-1
2033,-0.5,0,-0.74795,-1
2033,1,1,3.3786,-1
2033,-1,0,-1.2525,1
2033,-1,0,-0.69875,1
2033,0,1,0.84263,1
2033,0,1,1.4952,-1
2033,0,1,0.80239,1
2033,0.5,1,0.69817,-1
2033,-0.5,0,-1.4253,-1
2033,1,1,0.83662,-1
2033,-1,0,-2.2607,1
2033,-1,0,-1.7379,1
2033,0,1,1.2172,1
2033,0,1,1.8356,-1
2033,0,1,1.6845,1
2033,0.5,1,1.253,-1
2033,-0.5,0,-0.9273,-1
2033,1,1,0.82662,-1
2033,-1,0,-1.0541,1
2033,-1,0,-0.72954,1
2033,0,0,-1.8308,1
2033,0,0,-2.2515,-1
2033,0,1,0.65826,1
2033,0.5,0,-0.87866,-1
2033,-0.5,0,-2.0967,-1
2033,1,0,-1.1077,-1
2033,-1,1,0.70456,1
2033,-1,0,-2.2676,1
2033,0,1,1.3368,1
2033,0,1,1.8026,-1
2033,0,0,-2.4074,1
2033,0.5,1,1.2489,-1
2033,-0.5,1,0.80398,-1
2033,1,1,1.1183,-1
2033,-1,0,-0.81564,1
2033,-1,0,-1.9293,1
2033,0,1,1.3058,1
2033,0,1,0.78443,-1
2033,0,1,0.99856,1
2033,0.5,1,1.2085,-1
2033,-0.5,0,-0.89573,-1
2033,1,1,1.1719,-1
2033,-1,0,-0.85599,1
2033,-1,0,-0.83488,1
2033,0,0,-1.2651,1
2033,0,0,-1.0162,-1
2033,0,1,1.443,1
2033,0.5,1,1.9831,-1
2033,-0.5,0,-1.1815,-1
2033,1,1,1.4773,-1
2033,-1,0,-1.3311,1
2033,-1,1,2.1565,1
2033,0,1,1.8461,1
2033,0,1,1.2641,-1
2033,0,1,0.63424,1
2033,0.5,1,0.81432,-1
2033,-0.5,0,-1.5466,-1
2033,1,1,0.56678,-1
2033,-1,0,-1.1252,1
2033,-1,0,-0.58548,1
2033,0,1,1.8479,1
2033,0,1,0.84521,-1
2033,0,1,1.9173,1
2033,0.5,0,-1.3988,-1
2033,-0.5,1,0.79006,-1
2033,1,1,2.6432,-1
2033,-1,0,-1.0919,1
2033,-1,0,-2.2367,1
2033,0,1,1.0683,1
2033,0,0,-0.95589,-1
2033,0,0,-2.5933,1
2033,0.5,0,-1.4398,-1
2033,-0.5,0,-1.9206,-1
2033,1,1,0.8972,-1
2033,-1,0,-0.67694,1
2033,-1,0,-0.60784,1
2033,0,1,1.08,1
2033,0,1,1.2482,-1
2033,0,1,1.4999,1
2033,0.5,1,2.1471,-1
2033,-0.5,0,-0.74624,-1
2033,1,1,1.0797,-1
2033,-1,0,-1.2868,1
2033,-1,1,1.2242,1
2033,0,0,-1.3132,1
2033,0,0,-2.1931,-1
2033,0,1,1.7669,1
2033,0.5,1,1.4457,-1
2033,-0.5,0,-1.1413,-1
2033,1,1,0.65933,-1
2033,-1,0,-0.85873,1
2033,-1,0,-0.88206,1
2033,0,0,-1.2437,1
2033,0,0,-2.0864,-1
2033,0,1,1.4923,1
2033,0.5,1,1.9972,-1
2033,-0.5,0,-1.3857,-1
2033,1,1,0.8277,-1
2033,-1,0,-0.94065,1
2033,-1,0,-1.1233,1
2033,0,1,1.4307,1
2033,0,1,0.57556,-1
2033,0,0,-0.59476,1
2033,0.5,1,1.0809,-1
2033,-0.5,1,3.0441,-1
2033,1,1,0.99564,-1
2033,-1,0,-1.3116,1
2033,-1,0,-0.73006,1
2033,0,1,1.1182,1
2033,0,1,1.368,-1
2033,0,1,1.1809,1
2033,0.5,0,-1.0385,-1
2034,-1,1,2.3078,1
2034,1.5,1,0.57786,-1
2034,-1,0,-0.98595,-1
2034,0.5,1,1.1822,1
2034,-1,0,-0.86916,-1
2034,-1.5,0,-2.8445,1
2034,-1,0,-0.61037,-1
2034,-1.5,0,-0.90533,-1
2034,-1,0,-1.3607,1
2034,1.5,0,-0.7031,-1
2034,-1,1,2.24,-1
2034,0.5,1,1.6895,1
2034,-1,0,-1.3921,-1
2034,-1.5,0,-1.0813,1
2034,-1,1,0.99459,-1
2034,-1.5,0,-3.1018,-1
2034,-1,1,0.74323,1
2034,1.5,1,1.113,-1
2034,-1,0,-1.4633,-1
2034,0.5,1,1.303,1
2034,-1,0,-0.86679,-1
2034,-1.5,1,2.7442,1
2034,-1,0,-1.4255,-1
2034,-1.5,0,-1.0489,-1
2034,-1,1,1.4674,1
2034,1.5,1,1.6213,-1
2034,-1,0,-1.4774,-1
2034,0.5,1,1.1535,1
2034,-1,0,-1.2346,-1
2034,-1.5,1,0.90877,1
2034,-1,1,0.97108,-1
2034,-1.5,0,-1.7285,-1
2034,-1,1,3.8385,1
2034,1.5,1,1.0474,-1
2034,-1,1,2.0363,-1
2034,0.5,1,0.88771,1
2034,-1,0,-0.90338,-1
2034,-1.5,0,-1.0764,1
2034,-1,0,-1.8649,-1
2034,-1.5,0,-0.98834,-1
2034,-1,0,-0.63408,1
2034,1.5,1,0.96964,-1
2034,-1,1,1.2898,-1
2034,0.5,1,0.79335,1
2034,-1,0,-0.77912,-1
2034,-1.5,0,-1.064,1
2034,-1,0,-1.1211,-1
2034,-1.5,0,-1.2616,-1
2034,-1,0,-0.73836,1
2034,1.5,1,2.7005,-1
2034,-1,0,-1.2744,-1
2034,0.5,1,2.6587,1
2034,-1,0,-0.89042,-1
2034,-1.5,1,1.4771,1
2034,-1,0,-1.0861,-1
2034,-1.5,0,-1.263,-1
2034,-1,1,1.1855,1
2034,1.5,1,0.79608,-1
2034,-1,0,-1.1019,-1
2034,0.5,1,3.4267,1
2034,-1,0,-1.2307,-1
2034,-1.5,1,0.80945,1
2034,-1,0,-3.2065,-1
2034,-1.5,0,-0.98733,-1
2034,-1,1,3.0063,1
2034,1.5,0,-3.22,-1
2034,-1,0,-1.5752,-1
2034,0.5,1,3.4162,1
2034,-1,0,-0.81601,-1
2034,-1.5,1,1.8236,1
2034,-1,0,-2.6665,-1
2034,-1.5,0,-1.7024,-1
2034,-1,1,2.8198,1
2034,1.5,1,5.0321,-1
2034,-1,1,1.0393,-1
2034,0.5,1,0.86577,1
2034,-1,0,-1.8942,-1
2034,-1.5,0,-0.73971,1
2034,-1,0,-0.82449,-1
2034,-1.5,0,-1.2665,-1
2034,-1,1,2.2643,1
2034,1.5,0,-1.9402,-1
2034,-1,0,-1.0236,-1
2034,0.5,1,3.2511,1
2034,-1,0,-1.3114,-1
2034,-1.5,0,-2.8219,1
2034,-1,1,1.2452,-1
2034,-1.5,0,-1.0472,-1
2034,-1,0,-1.6943,1
2034,1.5,0,-1.232,-1
2034,-1,0,-1.4189,-1
2034,0.5,1,2.4267,1
2034,-1,0,-5.0093,-1
2034,-1.5,0,-2.2287,1
2034,-1,0,-1.1431,-1
2034,-1.5,0,-3.1031,-1
2034,-1,1,3.865,1
2034,1.5,0,-3.5625,-1
2034,-1,0,-3.1135,-1
2034,0.5,1,1.1271,1
2034,-1,0,-1.2683,-1
2034,-1.5,0,-1.2742,1
2034,-1,0,-1.3802,-1
2034,-1.5,0,-0.94336,-1
2034,-1,1,0.86377,1
2034,1.5,0,-1.0449,-1
2034,-1,0,-1.3163,-1
2034,0.5,1,1.227,1
2034,-1,1,2.1531,-1
2034,-1.5,0,-0.93246,1
2034,-1,0,-0.65826,-1
2034,-1.5,0,-1.3774,-1
2034,-1,0,-3.1522,1
2034,1.5,1,1.2169,-1
2034,-1,0,-3.027,-1
2034,0.5,1,0.80373,1
2034,-1,0,-1.0893,-1
2034,-1.5,1,0.64801,1
2034,-1,0,-0.74937,-1
2034,-1.5,0,-3.4363,-1
2034,-1,1,1.1466,1
2034,1.5,0,-3.2135,-1
2034,-1,0,-3.4311,-1
2034,0.5,1,1.2525,1
2034,-1,0,-1.4422,-1
2034,-1.5,1,1.566,1
2034,-1,0,-1.1427,-1
2034,-1.5,0,-1.3968,-1
2034,-1,0,-1.4949,1
2034,1.5,1,0.88722,-1
2034,-1,0,-0.89979,-1
2034,0.5,1,0.75006,1
2034,-1,0,-1.4748,-1
2034,-1.5,0,-0.81331,1
2034,-1,0,-0.63715,-1
2034,-1.5,0,-0.54902,-1
2034,-1,1,2.9857,1
2034,1.5,0,-4.159,-1
2034,-1,0,-1.4102,-1
2034,0.5,1,2.627,1
2034,-1,0,-0.71571,-1
2034,-1.5,1,4.3396,1
2034,-1,0,-0.98197,-1
2034,-1.5,0,-1.8326,-1
2034,-1,1,3.5856,1
2034,1.5,1,6.2209,-1
2034,-1,0,-1.2447,-1
2034,0.5,1,0.75751,1
2034,-1,0,-2.3767,-1
2034,-1.5,0,-0.72044,1
2034,-1,0,-0.66625,-1
2034,-1.5,0,-0.73696,-1
2034,-1,0,-1.6118,1
2034,1.5,0,-1.2571,-1
2034,-1,0,-1.2758,-1
2034,0.5,1,1.9129,1
2034,-1,0,-1.232,-1
2034,-1.5,0,-3.0447,1
2034,-1,1,0.65206,-1
2034,-1.5,0,-1.0812,-1
2035,-0.5,1,1.7248,-1
2035,0,1,1.022,1
2035,-1,0,-1.3763,1
2035,0,0,-0.93712,1
2035,1,0,-1.147,1
2035,0,1,1.5207,1
2035,-1,0,-1.9483,-1
2035,-1.5,0,-3.0076,1
2035,-0.5,0,-3.5472,1
2035,0.5,1,2.9333,-1
2035,-1.5,0,-1.2996,-1
2035,1.5,1,1.0963,1
2035,-1,1,0.83901,-1
2035,-0.5,0,-0.86898,-1
2035,0.5,1,2.3013,-1
2035,1.5,1,0.83708,-1
2035,1,1,0.72681,1
2035,5,1,1.2608,1
2035,0.5,1,0.82704,1
2035,-1,1,1.0548,-1
2035,0.5,1,1.7885,1
2035,1,1,0.91023,1
2035,1,1,1.3709,-1
2035,-0.5,1,1.0297,-1
2035,1,1,1.6329,1
2035,-0.5,0,-1.393,1
2035,0.5,1,1.334,-1
2035,-1.5,0,-1.214,-1
2035,-0.5,0,-7.7597,-1
2035,0,1,0.88348,-1
2035,1,1,1.5571,1
2035,0,0,-2.7066,1
2035,1,1,0.9469,1
2035,0.5,0,-1.137,-1
2035,0,1,2.0959,-1
2035,0.5,0,-1.3847,-1
2035,-0.5,0,-1.7561,-1
2035,0,1,4.1547,1
2035,0.5,1,2.2244,1
2035,-0.5,1,1.1116,-1
2035,0,1,4.4948,1
2035,-0.5,1,1.6383,-1
2035,1,1,2.5251,-1
2035,0,1,1.093,1
2035,1.5,1,1.7776,1
2035,0.5,0,-1.3395,-1
2035,1.5,1,1.1643,-1
2035,1,1,1.5061,-1
2035,0.5,1,2.912,-1
2035,-0.5,1,2.3741,1
2035,1,1,1.7966,1
2035,-0.5,1,1.2075,1
2035,-0.5,1,9.4705,1
2035,1,1,2.2765,1
2035,0,1,1.3152,-1
2035,0,1,1.923,-1
2035,-1,1,1.81,-1
2035,-1,1,2.0988,-1
2035,5,1,0.92477,-1
2035,-1.5,0,-2.3099,-1
2035,0.5,1,1.2259,1
2035,-5,0,-0.73272,-1
2035,1,1,0.96658,-1
2035,-5,0,-1.222,1
2035,0.5,1,1.2329,1
2035,-1,1,1.4127,1
2035,-0.5,1,6.8877,1
2035,0.5,1,1.818,1
2035,0.5,1,1.2359,1
2035,-1.5,1,0.99451,1
2035,1.5,1,0.83238,1
2035,0.5,1,1.5381,-1
2035,1.5,1,2.1242,-1
2035,-0.5,1,1.5886,-1
2035,-1,0,-1.65,-1
2035,0,1,1.2278,-1
2035,1.5,1,2.3797,1
2035,0.5,0,-0.95652,1
2035,0,1,3.9742,1
2035,-0.5,0,-1.8799,-1
2035,0,1,1.0982,1
2035,-1,0,-2.7507,1
2035,0,1,1.3771,1
2035,1,1,0.97928,1
2035,0,1,2.4269,1
2035,-1,1,2.3996,-1
2035,-1.5,0,-0.97378,1
2035,-0.5,1,0.967,1
2035,0.5,1,1.274,-1
2035,-1.5,1,2.0005,-1
2035,1.5,1,1.5793,1
2035,-1,1,0.8631,-1
2035,-0.5,1,1.2829,-1
2035,0.5,0,-0.92077,-1
2035,1.5,1,3.0076,-1
2035,1,1,0.92976,1
2035,5,1,0.78503,1
2035,0.5,0,-2.9246,1
2035,-1,0,-1.2013,-1
2035,0.5,1,0.99827,1
2035,1,1,0.87005,1
2035,1,1,1.4461,-1
2035,-0.5,0,-2.3543,-1
2035,1,1,1.4318,1
2035,-0.5,1,1.9547,1
2035,0.5,1,1.6276,-1
2035,-1.5,1,4.3523,-1
2035,-0.5,1,0.97114,-1
2035,0,1,1.503,-1
2035,1,1,2.2399,1
2035,0,0,-0.7465,1
2035,1,1,0.9945,1
2035,0.5,1,0.77936,-1
2035,0,1,1.4892,-1
2035,0.5,1,1.4813,-1
2035,-0.5,1,2.9697,-1
2035,0,1,3.0296,1
2035,0.5,1,1.529,1
2035,-0.5,0,-1.0808,-1
2035,0,0,-2.7323,1
2035,-0.5,1,0.96894,-1
2035,1,1,1.139,-1
2035,0,1,4.4734,1
2035,1.5,1,0.66635,1
2035,0.5,0,-1.253,-1
2035,1.5,1,0.79736,-1
2035,1,1,1.0561,-1
2035,0.5,1,0.92837,-1
2035,-0.5,1,1.293,1
2035,1,1,2.6715,1
2035,-0.5,1,0.83638,1
2035,-0.5,0,-5.0312,1
2035,1,0,-1.1665,1
2035,0,0,-1.3567,-1
2035,0,1,0.99953,-1
2035,-1,0,-1.4236,-1
2035,-1,0,-1.5904,-1
2035,5,1,0.85079,-1
2035,-1.5,0,-0.70217,-1
2035,0.5,1,0.89142,1
2035,-5,0,-0.89166,-1
2035,1,0,-1.7408,-1
2035,-5,0,-0.83154,1
2035,0.5,1,1.3645,1
2035,-1,0,-2.4341,1
2035,-0.5,1,4.5023,1
2035,0.5,1,0.88218,1
2035,0.5,1,1.2058,1
2035,-1.5,0,-2.0466,1
2035,1.5,1,2.93,1
2035,0.5,1,1.7597,-1
2035,1.5,1,2.8861,-1
2035,-0.5,0,-1.8437,-1
2035,-1,0,-0.78594,-1
2035,0,1,4.8084,-1
2035,1.5,1,1.5606,1
2035,0.5,1,1.2229,1
2035,0,0,-2.126,1
2036,1.5,1,1.3393,-1
2036,-0.5,0,-1.5431,-1
2036,1.5,1,1.7059,-1
2036,-0.5,0,-2.2728,1
2036,0.5,0,-1.4757,1
2036,1.5,0,-0.80791,1
2036,0,1,1.1701,-1
2036,-1.5,0,-2.5159,1
2036,1,1,1.6989,-1
2036,0.5,1,3.2479,-1
2036,1,1,0.86865,-1
2036,0.5,1,1.5821,-1
2036,-1,0,-1.0784,-1
2036,0,0,-2.2336,-1
2036,0.5,1,1.5172,-1
2036,0,0,-1.0341,-1
2036,-0.5,1,2.7552,-1
2036,-1,0,-2.1306,1
2036,0.5,0,-1.8678,-1
2036,-0.5,0,-1.1,-1
2036,-1.5,0,-2.3055,1
2036,0.5,1,1.0205,1
2036,0,0,-1.2101,-1
2036,0,0,-3.3192,1
2036,1.5,1,1.3764,-1
2036,0,1,2.2261,1
2036,-0.5,1,0.97829,1
2036,0,1,2.2518,-1
2036,-1.5,0,-1.3256,1
2036,-0.5,0,-1.5952,-1
2036,1.5,1,1.5124,-1
2036,-5,0,-0.9681,1
2036,1.5,1,0.81542,1
2036,0,1,4.1094,-1
2036,0,0,-1.7425,-1
2036,-0.5,0,-1.0833,-1
2036,0.5,0,-0.9189,-1
2036,-0.5,0,-0.75198,-1
2036,0,0,-1.3226,1
2036,5,1,0.65775,1
2036,1,1,2.1927,-1
2036,-0.5,0,-1.1409,-1
2036,-1,0,-0.87076,1
2036,0.5,1,1.9844,1
2036,1,1,2.1743,1
2036,1,1,1.1807,1
2036,-1,0,-0.99079,-1
2036,-5,0,-0.83164,1
2036,0.5,1,1.2784,1
2036,1.5,0,-0.90123,-1
2036,0,0,-1.347,-1
2036,5,1,0.8588,1
2036,0,0,-3.5991,1
2036,-1.5,0,-1.0394,-1
2036,0.5,0,-2.8133,1
2036,0.5,0,-3.1801,-1
2036,0,0,-1.7506,-1
2036,-0.5,0,-1.3407,1
2036,-0.5,0,-1.3794,1
2036,1,1,1.1753,-1
2036,-0.5,1,1.984,1
2036,0.5,1,0.98711,1
2036,5,1,0.96677,-1
2036,-1,0,-0.99205,1
2036,-0.5,0,-0.9893,1
2036,-0.5,0,-2.2254,1
2036,0.5,1,3.9547,1
2036,-1,0,-1.7132,1
2036,1,1,1.6795,1
2036,-1,0,-1.0701,-1
2036,-0.5,0,-3.7874,1
2036,0,1,2.6828,1
2036,1.5,1,0.77673,1
2036,0.5,1,3.7015,-1
2036,-1,0,-1.1624,1
2036,5,1,0.96671,-1
2036,1,1,2.1289,1
2036,-0.5,0,-0.91744,1
2036,1.5,1,2.0336,-1
2036,0,1,1.126,-1
2036,-0.5,0,-0.99403,-1
2036,1,1,1.2445,-1
2036,0.5,0,-2.8541,-1
2036,-0.5,1,0.7935,1
2036,1.5,1,1.1586,1
2036,1,1,1.142,1
2036,1,0,-1.1121,-1
2036,-0.5,1,1.6005,1
2036,-1.5,0,-0.8895,-1
2036,0,0,-2.198,1
2036,-1.5,0,-1.5782,1
2036,-1,1,4.2989,1
2036,-1.5,0,-1.2675,1
2036,0,1,2.5181,-1
2036,-1,0,-2.4465,-1
2036,-0.5,0,-1.069,-1
2036,-1,0,-1.0568,1
2036,-1,0,-1.4572,-1
2036,0,1,1.9134,1
2036,1,1,1.724,1
2036,-0.5,0,-1.2834,-1
2036,0,1,3.3291,1
2036,0.5,1,1.6879,1
2036,0,1,1.2917,1
2036,1,0,-3.5225,-1
2036,-1,0,-2.2343,1
2036,-1,0,-1.1399,-1
2036,1.5,1,0.80115,1
2036,0,0,-0.8017,-1
2036,0,0,-1.268,1
2036,-0.5,1,1.7268,1
2036,0,0,-1.2035,-1
2036,-1,0,-0.8272,-1
2036,1.5,1,0.9625,1
2036,-1.5,0,-0.98424,-1
2036,0,0,-1.0039,-1
2036,0,1,2.1108,1
2036,0.5,0,-1.3912,-1
2036,1,1,1.9132,-1
2036,0.5,1,1.8753,-1
2036,0.5,1,0.93323,-1
2036,0.5,1,1.4845,1
2036,0,0,-1.5603,1
2036,0,1,1.4386,-1
2036,1,1,0.81744,1
2036,-1,0,-1.4144,1
2036,0,1,5.3075,1
2036,1,1,0.84701,1
2036,-1,0,-1.4672,-1
2036,-1,0,-1.9129,-1
2036,1,1,0.92886,-1
2036,0.5,0,-0.97679,-1
2036,0.5,1,1.3326,1
2036,0.5,1,0.87699,-1
2036,-0.5,0,-1.1874,-1
2036,1,1,0.90635,1
2036,0.5,1,1.4092,1
2036,-5,0,-0.71906,-1
2036,-1.5,0,-1.4022,-1
2036,-1,0,-5.4438,1
2036,-0.5,0,-0.83952,1
2036,-1.5,0,-0.94342,-1
2036,-0.5,0,-1.5122,-1
2036,0.5,1,0.9453,1
2036,-1.5,0,-3.2305,1
2036,0,1,2.1334,1
2036,-5,0,-0.71034,-1
2036,-0.5,0,-1.6026,1
2036,0,0,-1.0158,1
2036,-0.5,1,2.3111,-1
2036,0.5,0,-2.5124,-1
2036,-0.5,0,-2.841,-1
2036,-1.5,0,-2.3012,-1
2036,0,1,3.6239,1
2036,0.5,1,1.0911,1
2036,1,1,3.959,1
2036,-1,0,-3.076,-1
2036,1,1,1.528,-1
2036,0,0,-2.2531,-1
2038,-0.5,0,-2.3165,-1
2038,-0.5,0,-1.9107,1
2038,-5,0,-0.88025,1
2038,-1,0,-0.73392,-1
2038,0,1,1.8176,1
2038,0.5,1,0.70455,1
2038,1.5,1,0.43613,1
2038,1,1,1.0833,-1
2038,-0.5,1,0.97736,-1
2038,5,1,1.0644,-1
2038,0.5,1,1.0929,-1
2038,0,1,1.0408,1
2038,-5,0,-0.6989,-1
2038,5,1,0.78655,-1
2038,-0.5,1,1.8583,-1
2038,-1.5,0,-3.0714,-1
2038,-0.5,1,1.4116,1
2038,1,1,1.1042,-1
2038,0,1,1.3161,1
2038,-1,1,2.0926,1
2038,-0.5,0,-1.9832,-1
2038,1.5,1,2.2221,1
2038,1.5,1,1.0305,-1
2038,1.5,1,0.85535,-1
2038,-1,0,-0.94782,1
2038,-0.5,0,-1.3249,-1
2038,1.5,1,0.43806,-1
2038,-5,0,-1.0257,-1
2038,-1,1,1.4093,-1
2038,-1.5,0,-1.6196,-1
2038,0,1,0.75137,1
2038,1.5,1,0.94486,1
2038,-0.5,0,-3.8299,1
2038,-1.5,1,1.6286,-1
2038,-1.5,0,-0.58552,1
2038,0.5,1,0.67576,1
2038,1,1,1.4512,-1
2038,1,1,1.5959,1
2038,-0.5,0,-1.7929,1
2038,1,1,0.75953,-1
2038,1,1,1.2861,1
2038,0.5,1,1.5935,-1
2038,0.5,1,1.1792,1
2038,0,1,1.5793,1
2038,0,0,-2.8455,-1
2038,0,0,-0.84924,-1
2038,-1.5,1,2.5706,-1
2038,-1,1,1.3621,1
2038,-0.5,0,-5.0631,-1
2038,1.5,1,1.1298,-1
2038,0,1,0.93205,-1
2038,1,1,1.319,-1
2038,0.5,1,0.88985,-1
2038,0,0,-0.79062,-1
2038,0.5,1,0.77439,-1
2038,0,0,-1.4523,1
2038,-0.5,1,1.0219,1
2038,-0.5,1,1.4986,1
2038,-1,1,1.4923,1
2038,-0.5,0,-0.65013,1
2038,1,1,0.69204,-1
2038,-1.5,0,-1.9574,1
2038,-1.5,0,-0.80532,-1
2038,0.5,0,-1.3422,-1
2038,-0.5,1,1.2254,1
2038,1,1,0.9772,-1
2038,0,1,0.86029,-1
2038,0,1,1.5274,-1
2038,0.5,1,1.6421,1
2038,0,1,1.2346,1
2038,-1,1,0.91474,1
2038,1.5,1,0.50588,1
2038,5,1,0.52703,1
2038,1.5,1,1.0145,-1
2038,-0.5,0,-0.74633,-1
2038,0,1,1.6704,1
2038,0,1,1.443,-1
2038,-0.5,0,-2.5858,1
2038,-1,1,1.8317,1
2038,-0.5,1,3.6214,1
2038,0.5,1,1.1828,1
2038,0,1,2.949,-1
2038,1.5,1,0.65111,-1
2038,0.5,1,0.72612,1
2038,-1,1,1.2265,1
2038,0.5,0,-1.0941,-1
2038,1,1,1.2724,1
2038,0.5,1,0.8827,1
2038,0.5,1,3.585,1
2038,0,1,0.54984,1
2038,0.5,1,1.3527,-1
2038,1,1,0.53687,1
2038,1,1,4.7346,-1
2038,-0.5,0,-2.3545,-1
2038,-0.5,0,-3.3827,-1
2038,1.5,1,0.81328,1
2038,-0.5,1,0.57134,1
2038,0,1,3.5225,-1
2038,1,1,0.72718,1
2038,-1.5,0,-2.1294,1
2038,1,1,0.63048,1
2038,-1,1,1.613,1
2038,0.5,1,0.90908,-1
2038,-0.5,1,0.90431,1
2038,0.5,1,1.3775,-1
2038,0.5,0,-2.1318,-1
2038,-1,1,1.4778,-1
2038,0.5,1,1.274,-1
2038,0,0,-2.9743,1
2038,0.5,1,1.5195,-1
2038,-1,0,-2.3144,-1
2038,0,0,-0.7144,-1
2038,-0.5,0,-1.9864,-1
2038,0.5,1,3.4781,-1
2038,0,1,2.1041,1
2038,1,1,2.0925,1
2038,0,1,4.8049,-1
2038,-0.5,0,-1.6827,-1
2038,0,1,0.67836,1
2038,0,1,0.6354,1
2038,-1,1,3.1619,1
2038,1,1,1.4229,-1
2038,-1,0,-0.96111,-1
2038,0,1,0.58724,1
2038,-1.5,1,1.9351,1
2038,0.5,1,0.92238,1
2038,0.5,1,0.93185,1
2038,0.5,1,0.61299,1
2038,-1.5,0,-1.2549,-1
2038,-1,1,0.77433,-1
2038,1,1,1.3448,1
2038,0,1,0.60231,1
2038,1.5,1,0.60465,1
2038,-0.5,1,4.0425,-1
2038,-1,0,-1.3063,1
2038,0.5,1,0.76128,1
2038,-0.5,1,2.0486,-1
2038,-1,1,0.69399,-1
2038,-1,0,-1.0428,-1
2038,-1,0,-0.9599,-1
2038,0,1,0.772,-1
2038,0,0,-1.5861,1
2038,-0.5,1,0.87699,1
2038,1,1,0.67244,1
2038,0,1,0.95036,-1
2038,0.5,1,0.60467,1
2038,-5,0,-0.85502,1
2038,0,1,3.0765,-1
2038,0.5,1,1.0388,1
2038,-1.5,1,0.99586,1
2038,0,0,-0.93299,-1
2038,-0.5,1,1.7396,1
2038,-1,1,1.1174,-1
2038,1,1,0.88352,1
2038,5,1,0.65263,1
2038,1,1,4.6912,-1
2038,0.5,0,-0.78767,-1
2039,1,1,0.72827,1
2039,-1,0,-2.7346,-1
2039,0.5,1,1.0497,1
2039,1,0,-0.76982,1
2039,-0.5,0,-1.0236,-1
2039,0.5,1,1.1185,-1
2039,0,1,1.9814,-1
2039,0,0,-1.4971,-1
2039,-1,0,-0.94148,-1
2039,-1.5,0,-1.5834,-1
2039,-1,0,-2.9712,1
2039,-1.5,0,-2.7207,-1
2039,1.5,1,1.4349,-1
2039,0.5,1,0.87163,-1
2039,-1,0,-0.86237,-1
2039,0,0,-1.2389,-1
2039,1,1,0.92253,1
2039,-5,0,-0.61778,-1
2039,-5,0,-0.98119,-1
2039,-1.5,0,-0.79432,-1
2039,0,1,1.4437,-1
2039,0,1,0.67439,1
2039,0.5,0,-0.87973,1
2039,1,1,1.2556,-1
2039,0.5,1,0.79947,-1
2039,5,1,0.96563,-1
2039,0,1,1.4316,-1
2039,-0.5,1,1.0636,1
2039,-0.5,0,-2.0781,1
2039,0.5,1,1.9675,-1
2039,-0.5,0,-2.5618,1
2039,-0.5,1,1.1953,1
2039,-0.5,1,1.3014,1
2039,-0.5,0,-1.5138,1
2039,1.5,1,1.6644,1
2039,1.5,1,0.86279,1
2039,0,1,0.99219,1
2039,-0.5,1,0.70798,-1
2039,0.5,1,0.98069,-1
2039,1,1,1.1686,1
2039,-1,0,-2.575,-1
2039,0.5,1,0.72796,1
2039,1,1,1.3938,1
2039,-0.5,1,1.0184,-1
2039,0.5,0,-2.1258,-1
2039,0,1,1.5579,-1
2039,0,1,1.0434,-1
2039,-1,1,2.1881,-1
2039,-1.5,0,-0.87857,-1
2039,-1,0,-2.1379,1
2039,-1.5,0,-4.2454,-1
2039,1.5,1,1.3079,-1
2039,0.5,1,0.69894,-1
2039,-1,1,1.4683,-1
2039,0,0,-0.72353,-1
2039,1,1,1.0484,1
2039,-5,0,-0.64302,-1
2039,-5,0,-0.86819,-1
2039,-1.5,0,-1.0758,-1
2039,0,1,2.5314,-1
2039,0,1,1.3202,1
2039,0.5,1,1.8696,1
2039,1,1,1.8108,-1
2039,0.5,1,1.705,-1
2039,5,1,0.58893,-1
2039,0,1,1.9149,-1
2039,-0.5,1,7.5663,1
2039,-0.5,1,0.95849,1
2039,0.5,0,-1.4582,-1
2039,-0.5,1,0.99735,1
2039,-0.5,0,-0.84561,1
2039,-0.5,1,1.0114,1
2039,-0.5,1,1.1775,1
2039,1.5,1,1.2368,1
2039,1.5,0,-0.96303,1
2039,0,1,1.0919,1
2039,-0.5,0,-1.5537,-1
2039,0.5,0,-3.0882,-1
2039,1,1,4.0772,1
2039,-1,0,-1.1296,-1
2039,0.5,1,1.4378,1
2039,1,1,0.63464,1
2039,-0.5,1,0.92033,-1
2039,0.5,0,-1.1198,-1
2039,0,1,1.4478,-1
2039,0,0,-1.1324,-1
2039,-1,1,2.3333,-1
2039,-1.5,0,-1.8885,-1
2039,-1,1,1.8905,1
2039,-1.5,1,0.84579,-1
2039,1.5,1,2.0992,-1
2039,0.5,1,1.6135,-1
2039,-1,1,3.9727,-1
2039,0,0,-0.64897,-1
2039,1,0,-0.6652,1
2039,-5,0,-0.67893,-1
2039,-5,0,-0.88115,-1
2039,-1.5,0,-2.0613,-1
2039,0,1,0.64414,-1
2039,0,1,1.3477,1
2039,0.5,1,1.2111,1
2039,1,1,1.0185,-1
2039,0.5,1,2.4253,-1
2039,5,1,0.67837,-1
2039,0,0,-1.3153,-1
2039,-0.5,0,-1.9103,1
2039,-0.5,1,2.1625,1
2039,0.5,0,-0.723,-1
2039,-0.5,0,-2.8126,1
2039,-0.5,1,0.85988,1
2039,-0.5,0,-1.3087,1
2039,-0.5,0,-1.5721,1
2039,1.5,1,1.5186,1
2039,1.5,1,1.8271,1
2039,0,1,2.0713,1
2039,-0.5,0,-1.0738,-1
2039,0.5,1,0.76062,-1
2039,1,1,0.84081,1
2039,-1,1,1.8491,-1
2039,0.5,1,3.5394,1
2039,1,1,1.4765,1
2039,-0.5,1,1.9171,-1
2039,0.5,1,1.512,-1
2039,0,0,-1.8813,-1
2039,0,1,1.8026,-1
2039,-1,1,1.3269,-1
2039,-1.5,0,-2.2352,-1
2039,-1,1,1.4608,1
2039,-1.5,0,-2.4931,-1
2039,1.5,1,0.62722,-1
2039,0.5,0,-1.1203,-1
2039,-1,0,-1.0825,-1
2039,0,0,-0.82404,-1
2039,1,1,1.5213,1
2039,-5,0,-1.1018,-1
2039,-5,0,-0.70766,-1
2039,-1.5,0,-2.0226,-1
2039,0,1,0.68607,-1
2039,0,1,2.3265,1
2039,0.5,1,2.0029,1
2039,1,1,1.1165,-1
2039,0.5,1,0.9836,-1
2039,5,1,0.80237,-1
2039,0,0,-1.0154,-1
2039,-0.5,1,4.1138,1
2039,-0.5,0,-2.7307,1
2039,0.5,0,-1.8864,-1
2039,-0.5,1,1.2612,1
2039,-0.5,1,3.6015,1
2039,-0.5,0,-1.0628,1
2039,-0.5,1,1.6993,1
2039,1.5,1,1.2284,1
2039,1.5,1,0.84395,1
2039,0,1,1.4102,1
2039,-0.5,1,0.92346,-1
2039,0.5,1,1.2762,-1
2040,1,0,-0.81677,1
2040,1,1,2.434,-1
2040,0.5,1,2.8167,-1
2040,0.5,1,1.0354,-1
2040,0,1,1.1936,-1
2040,0.5,1,1.0329,-1
2040,1.5,1,1.7632,1
2040,0.5,1,1.375,1
2040,1,1,2.3573,1
2040,1,1,1.9515,-1
2040,0.5,1,2.1389,-1
2040,0.5,1,1.9004,-1
2040,0,1,0.80844,-1
2040,0.5,1,2.1604,-1
2040,1.5,1,1.2352,1
2040,0.5,1,1.0549,1
2040,1,1,1.4004,1
2040,1,1,1.616,-1
2040,0.5,0,-2.8173,-1
2040,0.5,1,1.5154,-1
2040,0,1,1.3195,-1
2040,0.5,1,2.733,-1
2040,1.5,1,1.4465,1
2040,0.5,0,-1.5397,1
2040,1,1,2.3838,1
2040,1,1,1.016,-1
2040,0.5,1,1.8265,-1
2040,0.5,1,1.0061,-1
2040,0,1,4.405,-1
2040,0.5,1,1.043,-1
2040,1.5,1,0.90801,1
2040,0.5,1,3.0235,1
2040,1,1,4.9592,1
2040,1,1,2.3349,-1
2040,0.5,1,1.2749,-1
2040,0.5,1,2.6353,-1
2040,0,1,1.915,-1
2040,0.5,0,-1.4927,-1
2040,1.5,0,-1.7637,1
2040,0.5,1,0.89301,1
2040,1,1,2.2781,1
2040,1,1,1.2665,-1
2040,0.5,1,1.6735,-1
2040,0.5,1,0.89024,-1
2040,0,1,1.6937,-1
2040,0.5,1,3.6358,-1
2040,1.5,1,1.0702,1
2040,0.5,1,1.2743,1
2040,1,1,1.2434,1
2040,1,1,1.1895,-1
2040,0.5,0,-1.2721,-1
2040,0.5,1,1.0308,-1
2040,0,1,1.2715,-1
2040,0.5,1,0.77674,-1
2040,1.5,1,3.6203,1
2040,0.5,1,3.7053,1
2040,1,1,1.2177,1
2040,1,1,1.7078,-1
2040,0.5,1,1.4325,-1
2040,0.5,1,1.5129,-1
2040,0,1,1.0974,-1
2040,0.5,1,1.8313,-1
2040,1.5,1,1.0311,1
2040,0.5,1,1.3173,1
2040,1,1,1.3133,1
2040,1,0,-0.81621,-1
2040,0.5,1,0.85292,-1
2040,0.5,1,3.1661,-1
2040,0,1,1.3663,-1
2040,0.5,1,3.3007,-1
2040,1.5,1,1.6355,1
2040,0.5,1,0.93334,1
2040,1,1,1.9095,1
2040,1,1,1.0557,-1
2040,0.5,1,1.0454,-1
2040,0.5,1,1.1465,-1
2040,0,1,0.99698,-1
2040,0.5,1,0.87707,-1
2040,1.5,0,-1.3723,1
2040,0.5,1,0.97151,1
2040,1,1,1.2325,1
2040,1,1,1.9698,-1
2040,0.5,1,1.4302,-1
2040,0.5,1,1.6563,-1
2040,0,0,-0.98355,-1
2040,0.5,1,1.3851,-1
2040,1.5,1,0.88149,1
2040,0.5,1,3.3586,1
2040,1,1,1.3088,1
2040,1,1,1.165,-1
2040,0.5,1,1.6364,-1
2040,0.5,1,1.364,-1
2040,0,1,0.91554,-1
2040,0.5,0,-1.3977,-1
2040,1.5,1,0.96074,1
2040,0.5,1,2.1133,1
2040,1,1,1.4548,1
2040,1,1,2.6893,-1
2040,0.5,1,1.1436,-1
2040,0.5,1,0.90816,-1
2040,0,0,-1.2846,-1
2040,0.5,1,1.2073,-1
2040,1.5,1,1.3581,1
2040,0.5,1,1.2632,1
2040,1,1,1.0468,1
2040,1,1,1.7277,-1
2040,0.5,1,1.009,-1
2040,0.5,0,-1.6031,-1
2040,0,0,-5.1343,-1
2040,0.5,1,1.6198,-1
2040,1.5,1,1.0211,1
2040,0.5,1,1.8395,1
2040,1,1,1.6613,1
2040,1,1,2.1383,-1
2040,0.5,1,1.2219,-1
2040,0.5,0,-1.3558,-1
2040,0,0,-0.8205,-1
2040,0.5,1,4.0195,-1
2040,1.5,1,1.6588,1
2040,0.5,1,3.2406,1
2040,1,1,1.5704,1
2040,1,1,1.1807,-1
2040,0.5,1,2.0532,-1
2040,0.5,1,1.3412,-1
2040,0,1,2.1403,-1
2040,0.5,1,1.9762,-1
2040,1.5,1,0.89955,1
2040,0.5,1,3.1744,1
2040,1,1,1.8757,1
2040,1,1,3.178,-1
2040,0.5,0,-2.2914,-1
2040,0.5,1,1.4262,-1
2040,0,1,1.4056,-1
2040,0.5,1,1.8037,-1
2040,1.5,1,2.3514,1
2040,0.5,1,1.4769,1
2040,1,1,0.8913,1
2040,1,1,1.3964,-1
2040,0.5,1,1.3616,-1
2040,0.5,0,-0.86823,-1
2040,0,1,1.3543,-1
2040,0.5,1,8.9061,-1
2040,1.5,1,0.98987,1
2040,0.5,1,1.3029,1
2040,1,1,1.0643,1
2040,1,1,1.3649,-1
2040,0.5,1,1.6491,-1
2040,0.5,0,-1.7521,-1
2040,0,1,1.768,-1
2040,0.5,1,2.0962,-1
2040,1.5,1,1.4265,1
2040,0.5,1,2.7868,1
2040,1,1,1.242,1
2040,1,1,2.2196,-1
2040,0.5,1,1.0846,-1
2040,0.5,0,-0.83175,-1
2040,0,1,1.2558,-1
2040,0.5,0,-2.9694,-1
2040,1.5,0,-0.9043,1
2040,0.5,1,1.1372,1
2041,0,1,2.8406,1
2041,0,0,-1.373,1
2041,0.5,1,3.9848,-1
2041,0.5,0,-3.7995,1
2041,-1,0,-1.2773,1
2041,0.5,1,1.1392,-1
2041,-0.5,0,-2.4971,1
2041,-0.5,0,-1.2658,1
2041,1,1,1.088,-1
2041,-0.5,1,1.0373,-1
2041,0.5,1,2.1402,-1
2041,0.5,0,-2.3856,1
2041,0.5,1,2.3412,-1
2041,0,0,-4.1361,-1
2041,0.5,1,1.6984,1
2041,-0.5,0,-0.96378,1
2041,1.5,0,-1.7809,1
2041,-5,0,-1.0955,1
2041,0,0,-0.94816,-1
2041,0.5,1,2.6346,1
2041,0,0,-1.6109,-1
2041,1,1,1.281,1
2041,-0.5,1,8.9801,-1
2041,0,0,-1.4266,-1
2041,-5,0,-1.0843,1
2041,-5,0,-0.87382,-1
2041,-0.5,1,1.2846,-1
2041,-0.5,0,-2.4369,1
2041,-1,0,-1.4624,1
2041,-1.5,0,-2.0328,1
2041,-1,1,1.1694,-1
2041,-1,0,-1.7654,1
2041,0.5,1,1.9141,1
2041,-0.5,0,-0.93398,1
2041,0.5,0,-4.0344,1
2041,-1,0,-1.0177,1
2041,1,1,2.1448,-1
2041,0,1,1.7296,1
2041,1,1,0.93041,1
2041,0.5,0,-2.3394,-1
2041,-0.5,0,-3.5284,1
2041,0,1,3.247,1
2041,0.5,1,1.2211,1
2041,5,1,0.77676,-1
2041,0,0,-2.2712,-1
2041,1.5,1,2.2822,-1
2041,1,0,-3.5981,-1
2041,-1,1,3.4702,1
2041,-1.5,0,-2.1067,-1
2041,0.5,0,-1.7743,-1
2041,0.5,0,-0.91883,1
2041,0.5,1,2.6897,1
2041,0.5,0,-2.9089,-1
2041,1.5,0,-0.95872,1
2041,-0.5,1,1.1748,1
2041,-0.5,0,-1.1768,-1
2041,-1,0,-1.6279,-1
2041,1,0,-2.2998,1
2041,1.5,1,3.4752,1
2041,1,0,-3.1476,1
2041,1.5,1,1.0174,-1
2041,0.5,1,1.3205,1
2041,0,0,-2.4682,-1
2041,1.5,1,1.9788,1
2041,0,1,1.6528,-1
2041,-5,0,-1.0649,-1
2041,1,1,1.6334,1
2041,1.5,1,1.503,-1
2041,1.5,1,2.1968,-1
2041,1.5,0,-3.2537,1
2041,0,0,-1.8939,-1
2041,-0.5,0,-1.2705,1
2041,5,1,0.885,1
2041,0,0,-3.436,1
2041,0,0,-1.1477,1
2041,-1,0,-1.1769,1
2041,-1.5,1,0.94682,1
2041,1,0,-1.1477,1
2041,0,0,-2.0711,1
2041,0,1,1.0441,1
2041,0,0,-1.1695,1
2041,0.5,0,-1.3369,-1
2041,0.5,0,-2.6324,1
2041,-1,0,-2.8533,1
2041,0.5,1,1.8206,-1
2041,-0.5,1,2.3051,1
2041,-0.5,0,-2.6431,1
2041,1,1,1.4788,-1
2041,-0.5,0,-2.4636,-1
2041,0.5,1,2.4546,-1
2041,0.5,1,1.1221,1
2041,0.5,0,-1.7431,-1
2041,0,1,1.7014,-1
2041,0.5,0,-2.4846,1
2041,-0.5,0,-2.0801,1
2041,1.5,1,1.2561,1
2041,-5,0,-1.1585,1
2041,0,0,-4.037,-1
2041,0.5,0,-1.7158,1
2041,0,1,1.6208,-1
2041,1,0,-1.3861,1
2041,-0.5,1,1.1772,-1
2041,0,1,1.027,-1
2041,-5,0,-0.91306,1
2041,-5,0,-1.4194,-1
2041,-0.5,0,-1.8307,-1
2041,-0.5,0,-1.3022,1
2041,-1,0,-2.7013,1
2041,-1.5,0,-2.5034,1
2041,-1,0,-0.99056,-1
2041,-1,0,-1.6638,1
2041,0.5,1,2.4508,1
2041,-0.5,0,-1.7975,1
2041,0.5,1,3.2907,1
2041,-1,0,-3.5036,1
2041,1,1,2.7257,-1
2041,0,0,-1.4505,1
2041,1,1,5.8928,1
2041,0.5,1,5.1728,-1
2041,-0.5,0,-2.2033,1
2041,0,0,-1.0947,1
2041,0.5,1,0.97147,1
2041,5,1,1.4777,-1
2041,0,0,-1.7011,-1
2041,1.5,1,2.3032,-1
2041,1,1,1.2473,-1
2041,-1,0,-0.88024,1
2041,-1.5,1,1.2369,-1
2041,0.5,0,-1.9534,-1
2041,0.5,1,1.6124,1
2041,0.5,0,-1.4569,1
2041,0.5,1,3.0293,-1
2041,1.5,1,1.902,1
2041,-0.5,0,-1.4896,1
2041,-0.5,1,1.5392,-1
2041,-1,0,-0.91002,-1
2041,1,1,1.846,1
2041,1.5,1,2.632,1
2041,1,0,-4.0123,1
2041,1.5,1,2.5485,-1
2041,0.5,0,-0.9309,1
2041,0,1,0.85037,-1
2041,1.5,1,2.6895,1
2041,0,1,1.3119,-1
2041,-5,0,-1.2624,-1
2041,1,1,1.1992,1
2041,1.5,1,4.9033,-1
2041,1.5,1,1.2491,-1
2041,1.5,1,1.731,1
2041,0,1,2.5019,-1
2041,-0.5,0,-2.6193,1
2041,5,1,0.89893,1
2041,0,0,-1.5813,1
2041,0,1,2.1888,1
2041,-1,1,1.5634,1
2041,-1.5,0,-0.88515,1
2041,1,0,-1.2722,1
2041,0,1,3.1449,1
2042,1,1,5.9824,1
2042,0.5,1,1.1478,1
2042,-1.5,0,-0.93587,-1
2042,0.5,0,-1.5834,1
2042,0,1,2.1094,-1
2042,-0.5,0,-4.2776,1
2042,0,1,1.2701,-1
2042,0.5,1,2.879,1
2042,0,1,1.1101,1
2042,-1.5,1,1.1731,1
2042,-0.5,0,-4.4257,-1
2042,0.5,1,1.1144,-1
2042,-1,0,-0.9957,-1
2042,-5,0,-1.0471,1
2042,0.5,0,-1.2014,1
2042,0,1,6.6998,-1
2042,0,1,1.7913,-1
2042,0.5,1,2.2971,1
2042,0.5,1,2.0948,1
2042,0,0,-1.7151,1
2042,1.5,1,2.3127,1
2042,0.5,1,2.3314,-1
2042,-1.5,0,-1.3427,-1
2042,0.5,0,-1.7556,1
2042,1,1,1.2393,1
2042,-1,0,-3.0384,1
2042,0,1,0.91887,1
2042,-0.5,0,-1.3704,1
2042,-1,0,-1.891,-1
2042,1.5,1,1.6199,-1
2042,-5,0,-1.1783,-1
2042,-1,0,-4.3987,1
2042,-1.5,0,-1.7403,1
2042,0.5,1,2.0574,-1
2042,0,1,1.1773,-1
2042,0.5,0,-2.1103,-1
2042,-5,0,-1.2309,1
2042,0,0,-1.4848,-1
2042,1,1,0.89818,1
2042,-0.5,0,-1.8028,1
2042,-0.5,0,-1.4835,1
2042,1.5,1,1.0337,1
2042,0,1,2.4783,1
2042,0.5,1,2.4667,-1
2042,1,1,1.1556,-1
2042,-1,1,2.9122,-1
2042,0.5,1,1.6173,1
2042,5,1,1.0591,-1
2042,1.5,1,1.7936,1
2042,-1,0,-2.6,-1
2042,0.5,0,-1.7132,1
2042,0,0,-1.8269,-1
2042,0,1,1.3981,-1
2042,0,0,-1.6583,1
2042,-1,0,-1.6819,1
2042,-0.5,0,-1.0362,1
2042,0.5,1,1.8894,-1
2042,1,1,2.6763,1
2042,-0.5,0,-2.9356,-1
2042,-0.5,0,-2.4419,-1
2042,-0.5,1,1.7915,-1
2042,5,1,1.0046,1
2042,-0.5,0,-1.2189,-1
2042,-1.5,0,-0.92693,-1
2042,1.5,1,1.309,-1
2042,-1.5,0,-1.1982,1
2042,0,0,-1.8155,-1
2042,-0.5,0,-1.5466,1
2042,-1,0,-1.4533,-1
2042,-0.5,0,-1.1642,1
2042,0,1,2.7868,-1
2042,1,1,2.0788,-1
2042,-1,0,-1.4514,1
2042,0,0,-1.3992,1
2042,1.5,1,2.4964,1
2042,-0.5,1,2.1402,-1
2042,-1,0,-1.3583,-1
2042,-1,0,-1.4086,1
2042,-0.5,1,0.97109,1
2042,1,1,2.5936,1
2042,0.5,0,-1.2222,1
2042,0,0,-2.1887,1
2042,-1,0,-1.0226,1
2042,1,1,2.1484,-1
2042,-1,0,-4.0264,-1
2042,1,1,1.0712,1
2042,-1,0,-1.5743,-1
2042,0,1,1.1656,-1
2042,0.5,1,2.3763,1
2042,-0.5,0,-1.397,1
2042,1.5,1,0.87537,1
2042,1,1,1.6777,-1
2042,1,1,1.0988,1
2042,-0.5,0,-0.84994,1
2042,-1.5,0,-1.0677,1
2042,0.5,1,2.7351,-1
2042,1,1,1.885,-1
2042,0,0,-4.2437,-1
2042,-1,0,-1.5405,1
2042,-1,0,-2.603,1
2042,0.5,1,1.6953,-1
2042,0.5,1,1.3432,1
2042,-1.5,0,-2.0912,-1
2042,-0.5,1,1.2064,-1
2042,0.5,1,3.5457,-1
2042,0.5,1,1.3589,1
2042,1.5,1,1.2563,-1
2042,-1,0,-1.2187,-1
2042,1,1,1.5598,1
2042,-0.5,0,-2.4423,-1
2042,-0.5,0,-0.86279,-1
2042,-1,0,-2.0447,1
2042,1.5,1,1.1938,1
2042,-0.5,0,-1.432,-1
2042,0.5,1,5.4138,-1
2042,-5,0,-0.89797,-1
2042,5,1,1.101,1
2042,0,0,-2.298,1
2042,-1,0,-1.761,1
2042,-1.5,0,-1.4483,-1
2042,0.5,0,-2.9329,-1
2042,-1.5,0,-1.2612,-1
2042,0,0,-2.5363,-1
2042,1.5,1,1.1893,-1
2042,5,1,0.93475,-1
2042,0,1,1.6216,1
2042,0,1,2.2379,-1
2042,0,1,2.075,1
2042,0,0,-1.5488,1
2042,1,1,1.0708,-1
2042,1,1,2.2809,-1
2042,1,1,2.644,-1
2042,-0.5,0,-1.7742,1
2042,-1.5,0,-2.4463,1
2042,-0.5,0,-2.6168,1
2042,0.5,0,-1.1373,-1
2042,-0.5,1,1.0581,-1
2042,0.5,0,-3.4072,-1
2042,0,0,-1.0855,1
2042,1.5,1,1.0693,-1
2042,1,0,-3.7711,-1
2042,-0.5,0,-1.0706,1
2042,0.5,0,-1.6945,1
2042,-0.5,0,-3.5865,-1
2042,0,0,-2.9105,1
2042,-1,0,-1.2365,-1
2042,0.5,1,1.2991,-1
2042,-1.5,0,-1.7663,1
2042,0,1,1.1489,1
2042,1.5,1,1.9441,-1
2042,-0.5,0,-2.172,-1
2042,0,1,1.9641,-1
2042,0,1,1.2246,-1
2043,-1,1,1.1284,-1
2043,0.5,0,-2.151,1
2043,-1.5,0,-2.4908,1
2043,-0.5,0,-0.95565,-1
2043,1,1,2.4128,-1
2043,-1,0,-1.9114,-1
2043,0,0,-1.6435,1
2043,1.5,1,1.4229,-1
2043,0.5,1,1.1799,-1
2043,-0.5,0,-1.5133,-1
2043,-1,0,-2.3224,-1
2043,-1,0,-1.5727,-1
2043,1.5,1,2.1888,1
2043,-0.5,0,-1.4646,1
2043,-1,0,-1.5385,-1
2043,0.5,1,0.95261,-1
2043,1,0,-1.719,1
2043,1,1,1.4815,-1
2043,-1.5,0,-1.2099,-1
2043,-0.5,0,-1.3881,-1
2043,0,0,-3.421,1
2043,0.5,1,3.6479,1
2043,-1.5,1,1.3355,1
2043,-0.5,0,-1.3229,-1
2043,0,0,-1.2677,1
2043,0,0,-2.0752,1
2043,1,1,1.2244,1
2043,0.5,1,2.4896,1
2043,-1,0,-0.70659,1
2043,0,0,-1.3276,-1
2043,-1,0,-1.5341,-1
2043,0.5,0,-2.0804,1
2043,0.5,0,-2.704,-1
2043,0,1,1.8861,-1
2043,1.5,0,-2.1923,1
2043,1,0,-3.8586,-1
2043,0,0,-2.7443,-1
2043,-1,0,-1.9224,1
2043,-1.5,0,-1.2052,-1
2043,0,1,2.2659,1
2043,-1,0,-1.1225,-1
2043,1.5,0,-2.3862,1
2043,-0.5,0,-1.4172,1
2043,1,0,-1.6933,1
2043,0.5,0,-0.89451,-1
2043,0,0,-3.4099,1
2043,0.5,0,-2.483,1
2043,0.5,1,1.3651,-1
2043,-1,0,-1.4361,1
2043,-0.5,0,-1.0319,1
2043,1,1,6.6588,1
2043,1,1,1.4834,1
2043,0.5,0,-2.9789,1
2043,5,1,0.83345,1
2043,-1,0,-1.6951,1
2043,-1,0,-2.3319,-1
2043,1,1,1.6376,-1
2043,-0.5,1,1.5689,1
2043,0,0,-1.1501,-1
2043,-5,0,-0.81405,-1
2043,0,0,-1.8952,1
2043,1.5,1,2.8214,-1
2043,-0.5,1,2.1079,1
2043,0,0,-0.93152,-1
2043,-0.5,0,-1.3225,1
2043,-1,0,-0.8697,1
2043,1,1,2.4777,1
2043,-1.5,0,-2.1591,-1
2043,-1,0,-1.0517,1
2043,0,0,-3.2863,1
2043,0,1,1.0215,-1
2043,0.5,1,1.08,-1
2043,0.5,1,1.3763,1
2043,-0.5,0,-2.3218,1
2043,-0.5,0,-1.3506,1
2043,-1,0,-1.0132,-1
2043,1.5,1,1.0068,1
2043,-0.5,0,-1.877,-1
2043,0.5,1,2.3411,1
2043,-0.5,0,-1.3442,-1
2043,0,0,-1.0269,1
2043,0.5,0,-0.79723,1
2043,0,0,-0.84156,1
2043,0.5,0,-2.3973,-1
2043,-0.5,0,-0.9724,-1
2043,-1.5,0,-1.1537,1
2043,-1,0,-2.0957,1
2043,5,1,0.81398,-1
2043,0,1,1.4528,1
2043,0.5,0,-1.2179,-1
2043,1.5,1,0.90269,-1
2043,1,0,-1.8317,-1
2043,0.5,1,0.99866,-1
2043,1,1,2.8006,-1
2043,0.5,1,2.1804,1
2043,0,1,1.0368,1
2043,-0.5,0,-1.3833,1
2043,0,0,-2.2654,-1
2043,1.5,1,1.8502,-1
2043,0,1,3.0864,1
2043,-5,0,-0.7216,1
2043,0,0,-1.6244,1
2043,0.5,1,3.7844,-1
2043,-1,1,4.1945,1
2043,0,1,1.0071,-1
2043,-0.5,1,2.4705,-1
2043,-1.5,0,-0.98951,1
2043,-1,0,-1.2986,-1
2043,-0.5,1,1.1544,-1
2043,0,1,3.5349,-1
2043,-0.5,1,2.1148,1
2043,0.5,1,0.92258,1
2043,1,1,1.5737,-1
2043,-0.5,0,-1.9618,-1
2043,-1,0,-1.0234,1
2043,-0.5,1,0.84459,-1
2043,0,0,-2.1935,1
2043,0,0,-2.6108,-1
2043,1,1,1.3409,1
2043,-0.5,1,1.659,1
2043,-1,0,-3.1579,1
2043,0,1,1.0412,-1
2043,1,1,2.8231,1
2043,0.5,1,0.9219,1
2043,0,0,-1.4968,1
2043,0,1,2.2637,-1
2043,0.5,1,2.5525,-1
2043,-0.5,0,-2.2341,1
2043,-1.5,1,1.4956,-1
2043,5,1,1.1876,-1
2043,1.5,0,-2.4614,-1
2043,-5,0,-1.0553,-1
2043,-5,0,-0.78643,1
2043,1.5,1,3.1362,1
2043,0.5,1,2.7357,-1
2043,-1.5,0,-1.4574,-1
2043,1,1,0.81243,-1
2043,1.5,1,2.3985,-1
2043,5,1,1.5012,1
2043,1.5,1,1.1674,1
2043,0,0,-1.2472,-1
2043,1,0,-1.0721,1
2043,-0.5,0,-1.1839,1
2043,1,0,-1.2504,-1
2043,1,0,-2.3037,-1
2043,0.5,1,5.1394,-1
2043,-0.5,0,-1.4335,-1
2043,0,0,-2.0094,-1
2043,-0.5,1,0.81754,-1
2043,0.5,0,-0.96019,-1
2043,-1.5,0,-1.0842,1
2043,-1.5,0,-0.96112,-1
2043,-1.5,0,-1.6198,1
2043,-0.5,0,-2.1204,1
2043,-0.5,0,-2.3612,-1
2043,0,0,-1.0491,-1
2043,1,0,-1.3594,1
2044,0,1,0.9405,1
2044,-1,0,-2.4407,-1
2044,-0.5,0,-1.4457,-1
2044,1.5,1,1.109,1
2044,0.5,1,1.3878,-1
2044,-0.5,0,-2.5742,-1
2044,0,1,0.91938,-1
2044,0.5,1,1.6155,1
2044,0,0,-2.7374,1
2044,-1,0,-2.8603,-1
2044,-0.5,0,-0.87619,-1
2044,1.5,1,0.6072,1
2044,0.5,1,2.5663,-1
2044,-0.5,1,2.1804,-1
2044,0,1,1.0919,-1
2044,0.5,1,0.74275,1
2044,0,0,-1.9131,1
2044,-1,0,-0.76349,-1
2044,-0.5,0,-1.1677,-1
2044,1.5,1,0.98847,1
2044,0.5,1,0.8855,-1
2044,-0.5,0,-1.2467,-1
2044,0,0,-5.2839,-1
2044,0.5,1,3.5944,1
2044,0,1,1.3656,1
2044,-1,0,-1.3688,-1
2044,-0.5,0,-0.82621,-1
2044,1.5,1,1.3353,1
2044,0.5,0,-1.3108,-1
2044,-0.5,0,-2.2137,-1
2044,0,0,-1.8299,-1
2044,0.5,1,1.0429,1
2044,0,0,-1.5018,1
2044,-1,0,-2.0878,-1
2044,-0.5,0,-1.3095,-1
2044,1.5,1,0.75092,1
2044,0.5,1,2.4997,-1
2044,-0.5,0,-0.76526,-1
2044,0,0,-1.0106,-1
2044,0.5,1,0.85066,1
2044,0,1,1.9366,1
2044,-1,0,-1.0685,-1
2044,-0.5,0,-1.1347,-1
2044,1.5,1,0.65757,1
2044,0.5,0,-2.8142,-1
2044,-0.5,0,-1.6751,-1
2044,0,1,1.6556,-1
2044,0.5,0,-1.0906,1
2044,0,0,-0.88782,1
2044,-1,0,-1.9817,-1
2044,-0.5,0,-2.6073,-1
2044,1.5,1,1.878,1
2044,0.5,0,-3.3462,-1
2044,-0.5,0,-0.71703,-1
2044,0,0,-1.7099,-1
2044,0.5,1,2.1097,1
2044,0,1,1.1588,1
2044,-1,1,1.2329,-1
2044,-0.5,1,1.1158,-1
2044,1.5,1,0.83443,1
2044,0.5,0,-3.484,-1
2044,-0.5,0,-0.90637,-1
2044,0,0,-3.3064,-1
2044,0.5,1,0.87315,1
2044,0,1,1.3295,1
2044,-1,0,-0.92243,-1
2044,-0.5,1,2.0722,-1
2044,1.5,1,0.72331,1
2044,0.5,1,3.4996,-1
2044,-0.5,1,1.646,-1
2044,0,0,-1.1532,-1
2044,0.5,1,4.7726,1
2044,0,0,-0.82149,1
2044,-1,0,-0.85547,-1
2044,-0.5,1,0.99958,-1
2044,1.5,1,0.7454,1
2044,0.5,1,0.82897,-1
2044,-0.5,0,-2.1078,-1
2044,0,0,-1.4536,-1
2044,0.5,1,1.717,1
2044,0,1,3.0052,1
2044,-1,0,-0.8285,-1
2044,-0.5,0,-2.3169,-1
2044,1.5,1,2.0551,1
2044,0.5,0,-3.7063,-1
2044,-0.5,0,-1.252,-1
2044,0,0,-1.6339,-1
2044,0.5,1,1.2378,1
2044,0,1,0.84173,1
2044,-1,0,-2.1336,-1
2044,-0.5,0,-3.4585,-1
2044,1.5,1,1.6631,1
2044,0.5,0,-2.1382,-1
2044,-0.5,1,0.79614,-1
2044,0,0,-4.6545,-1
2044,0.5,1,0.95733,1
2044,0,1,1.1664,1
2044,-1,0,-2.1114,-1
2044,-0.5,0,-1.4705,-1
2044,1.5,1,1.4458,1
2044,0.5,1,0.66609,-1
2044,-0.5,0,-1.2418,-1
2044,0,0,-1.758,-1
2044,0.5,1,1.7556,1
2044,0,1,1.5122,1
2044,-1,0,-0.94774,-1
2044,-0.5,0,-0.93112,-1
2044,1.5,0,-1.7924,1
2044,0.5,0,-2.5364,-1
2044,-0.5,0,-1.1001,-1
2044,0,0,-3.3846,-1
2044,0.5,1,1.1497,1
2044,0,1,0.90558,1
2044,-1,0,-1.0001,-1
2044,-0.5,0,-0.7081,-1
2044,1.5,1,1.1103,1
2044,0.5,1,1.3282,-1
2044,-0.5,0,-1.3389,-1
2044,0,0,-2.024,-1
2044,0.5,1,1.6154,1
2044,0,0,-2.1454,1
2044,-1,0,-1.3144,-1
2044,-0.5,0,-2.2649,-1
2044,1.5,1,0.74716,1
2044,0.5,0,-1.5071,-1
2044,-0.5,0,-1.2953,-1
2044,0,0,-2.5431,-1
2044,0.5,1,0.94986,1
2044,0,1,1.6373,1
2044,-1,0,-1.0348,-1
2044,-0.5,0,-1.851,-1
2044,1.5,1,0.76163,1
2044,0.5,0,-5.8447,-1
2044,-0.5,1,2.3566,-1
2044,0,0,-1.4793,-1
2044,0.5,1,1.184,1
2044,0,1,0.71309,1
2044,-1,1,0.75335,-1
2044,-0.5,0,-1.5523,-1
2044,1.5,1,0.7951,1
2044,0.5,0,-1.19,-1
2044,-0.5,0,-1.8828,-1
2044,0,0,-1.5717,-1
2044,0.5,0,-1.3578,1
2044,0,0,-0.94058,1
2044,-1,0,-0.85248,-1
2044,-0.5,1,0.99003,-1
2044,1.5,1,1.0354,1
2044,0.5,0,-1.311,-1
2044,-0.5,1,2.4052,-1
2044,0,0,-4.5317,-1
2044,0.5,0,-1.1452,1
2044,0,0,-1.4503,1
2044,-1,0,-1.2217,-1
2044,-0.5,1,1.0047,-1
2044,1.5,1,1.8368,1
2044,0.5,1,5.1768,-1
2044,-0.5,1,0.66716,-1
2044,0,1,4.0598,-1
2044,0.5,1,1.7252,1
2045,0.5,1,2.0134,-1
2045,0.5,0,-1.5255,1
2045,1,1,0.88369,1
2045,0,0,-1.2383,1
2045,1,0,-5.0598,-1
2045,1.5,0,-1.5174,-1
2045,1.5,1,2.6364,-1
2045,-0.5,0,-1.0033,1
2045,0.5,1,1.2051,-1
2045,0.5,0,-2.9338,1
2045,1,1,1.2435,1
2045,0,0,-1.3312,1
2045,1,1,4.4284,-1
2045,1.5,0,-1.5697,-1
2045,1.5,1,1.2421,-1
2045,-0.5,0,-0.81784,1
2045,0.5,0,-2.7952,-1
2045,0.5,1,1.405,1
2045,1,1,0.74057,1
2045,0,0,-2.2278,1
2045,1,0,-2.5509,-1
2045,1.5,1,2.6728,-1
2045,1.5,1,1.7022,-1
2045,-0.5,0,-2.1607,1
2045,0.5,0,-1.1397,-1
2045,0.5,0,-0.81848,1
2045,1,0,-0.94378,1
2045,0,0,-2.2929,1
2045,1,1,4.0334,-1
2045,1.5,1,1.9722,-1
2045,1.5,1,1.0582,-1
2045,-0.5,0,-1.1261,1
2045,0.5,0,-3.218,-1
2045,0.5,0,-1.5551,1
2045,1,1,1.6929,1
2045,0,0,-2.4727,1
2045,1,0,-2.017,-1
2045,1.5,1,0.99236,-1
2045,1.5,1,3.8082,-1
2045,-0.5,0,-1.558,1
2045,0.5,1,2.0842,-1
2045,0.5,1,2.642,1
2045,1,0,-0.79037,1
2045,0,0,-3.0957,1
2045,1,1,1.4033,-1
2045,1.5,0,-1.4116,-1
2045,1.5,1,4.6525,-1
2045,-0.5,0,-1.1441,1
2045,0.5,0,-1.0688,-1
2045,0.5,0,-1.8547,1
2045,1,0,-0.83077,1
2045,0,1,0.83299,1
2045,1,1,2.0085,-1
2045,1.5,0,-0.74171,-1
2045,1.5,1,1.7754,-1
2045,-0.5,1,1.5216,1
2045,0.5,0,-3.4466,-1
2045,0.5,0,-1.3699,1
2045,1,1,2.5751,1
2045,0,0,-0.87387,1
2045,1,0,-1.6765,-1
2045,1.5,1,2.7607,-1
2045,1.5,1,1.3059,-1
2045,-0.5,1,2.4553,1
2045,0.5,1,1.1249,-1
2045,0.5,1,1.1135,1
2045,1,1,0.97377,1
2045,0,1,0.70733,1
2045,1,0,-1.8204,-1
2045,1.5,1,1.4923,-1
2045,1.5,1,0.95323,-1
2045,-0.5,1,1.6467,1
2045,0.5,1,0.98086,-1
2045,0.5,0,-3.7311,1
2045,1,1,0.93981,1
2045,0,0,-2.5595,1
2045,1,0,-3.4945,-1
2045,1.5,0,-1.462,-1
2045,1.5,0,-1.5284,-1
2045,-0.5,0,-0.99642,1
2045,0.5,0,-0.97491,-1
2045,0.5,1,1.1794,1
2045,1,0,-3.1952,1
2045,0,1,1.712,1
2045,1,0,-2.8272,-1
2045,1.5,1,1.2783,-1
2045,1.5,0,-0.85922,-1
2045,-0.5,0,-1.0701,1
2045,0.5,0,-1.6473,-1
2045,0.5,1,1.8192,1
2045,1,1,0.92227,1
2045,0,0,-1.7579,1
2045,1,0,-4.2633,-1
2045,1.5,1,3.689,-1
2045,1.5,0,-1.3615,-1
2045,-0.5,0,-1.9769,1
2045,0.5,1,1.3629,-1
2045,0.5,1,1.198,1
2045,1,1,4.6283,1
2045,0,0,-2.2647,1
2045,1,1,2.3281,-1
2045,1.5,1,1.3991,-1
2045,1.5,1,1.5996,-1
2045,-0.5,0,-1.3812,1
2045,0.5,0,-1.2074,-1
2045,0.5,1,2.6793,1
2045,1,0,-2.943,1
2045,0,0,-0.78216,1
2045,1,1,1.5266,-1
2045,1.5,1,1.4067,-1
2045,1.5,1,4.1957,-1
2045,-0.5,1,1.6748,1
2045,0.5,1,1.9126,-1
2045,0.5,1,2.7394,1
2045,1,1,0.73848,1
2045,0,1,2.7526,1
2045,1,1,4.9211,-1
2045,1.5,1,1.8642,-1
2045,1.5,1,1.209,-1
2045,-0.5,0,-0.86102,1
2045,0.5,1,3.3931,-1
2045,0.5,0,-0.93801,1
2045,1,0,-0.98489,1
2045,0,0,-2.5072,1
2045,1,0,-1.4036,-1
2045,1.5,1,1.2893,-1
2045,1.5,0,-1.007,-1
2045,-0.5,0,-0.77255,1
2045,0.5,1,2.4051,-1
2045,0.5,0,-1.032,1
2045,1,1,1.94,1
2045,0,1,3.0299,1
2045,1,1,1.2732,-1
2045,1.5,1,1.6885,-1
2045,1.5,1,1.3842,-1
2045,-0.5,0,-2.0299,1
2045,0.5,0,-1.0926,-1
2045,0.5,0,-2.6012,1
2045,1,1,1.9938,1
2045,0,0,-1.0991,1
2045,1,0,-0.69808,-1
2045,1.5,1,1.7566,-1
2045,1.5,1,1.7471,-1
2045,-0.5,0,-1.0405,1
2045,0.5,0,-1.0784,-1
2045,0.5,1,1.3516,1
2045,1,1,1.4532,1
2045,0,1,0.83437,1
2045,1,0,-3.4743,-1
2045,1.5,1,4.3633,-1
2045,1.5,1,1.4863,-1
2045,-0.5,0,-0.81654,1
2045,0.5,1,0.9076,-1
2045,0.5,0,-0.88218,1
2045,1,1,3.007,1
2045,0,0,-5.3535,1
2045,1,1,3.4599,-1
2045,1.5,0,-3.6397,-1
2045,1.5,0,-0.90086,-1
2045,-0.5,0,-0.85093,1
2046,1,0,-3.3604,1
2046,0,0,-0.94851,1
2046,1,1,0.5623,-1
2046,-1,0,-1.5659,1
2046,1,1,2.8884,-1
2046,1.5,1,0.39829,-1
2046,-1.5,0,-0.91794,1
2046,0,0,-2.0532,-1
2046,1,0,-0.78921,1
2046,0,1,2.7229,1
2046,1,1,0.82145,-1
2046,-1,0,-2.4907,1
2046,1,1,1.754,-1
2046,1.5,1,5.0701,-1
2046,-1.5,0,-1.8634,1
2046,0,1,3.9239,-1
2046,1,1,0.92383,1
2046,0,0,-0.56033,1
2046,1,1,3.4801,-1
2046,-1,0,-0.71848,1
2046,1,0,-0.69688,-1
2046,1.5,1,0.32156,-1
2046,-1.5,0,-2.1174,1
2046,0,0,-0.40988,-1
2046,1,1,1.5967,1
2046,0,0,-2.5259,1
2046,1,0,-0.39956,-1
2046,-1,0,-0.30072,1
2046,1,1,1.7494,-1
2046,1.5,1,0.36269,-1
2046,-1.5,0,-1.3859,1
2046,0,1,1.1903,-1
2046,1,1,2.3824,1
2046,0,1,2.7583,1
2046,1,0,-0.56254,-1
2046,-1,0,-2.5077,1
2046,1,1,2.4237,-1
2046,1.5,0,-1.2329,-1
2046,-1.5,0,-3.1331,1
2046,0,0,-2.2397,-1
2046,1,1,1.01,1
2046,0,0,-0.41834,1
2046,1,1,2.4598,-1
2046,-1,0,-5.5722,1
2046,1,0,-5.4415,-1
2046,1.5,0,-3.6673,-1
2046,-1.5,0,-3.3386,1
2046,0,0,-2.5595,-1
2046,1,0,-0.99326,1
2046,0,1,1.1601,1
2046,1,1,1.7047,-1
2046,-1,0,-0.31894,1
2046,1,1,0.75363,-1
2046,1.5,1,1.0061,-1
2046,-1.5,0,-0.70275,1
2046,0,1,0.49779,-1
2046,1,1,4.3634,1
2046,0,0,-0.95916,1
2046,1,1,0.66965,-1
2046,-1,0,-0.60329,1
2046,1,1,0.60471,-1
2046,1.5,1,0.74052,-1
2046,-1.5,0,-0.62764,1
2046,0,1,0.45645,-1
2046,1,1,2.2595,1
2046,0,1,4.524,1
2046,1,1,3.8184,-1
2046,-1,0,-0.65316,1
2046,1,1,0.42951,-1
2046,1.5,1,0.8693,-1
2046,-1.5,0,-0.60034,1
2046,0,1,1.0097,-1
2046,1,1,0.65932,1
2046,0,1,0.96772,1
2046,1,1,1.1517,-1
2046,-1,0,-2.2323,1
2046,1,1,0.91194,-1
2046,1.5,1,0.45902,-1
2046,-1.5,0,-4.5725,1
2046,0,0,-0.92496,-1
2046,1,1,0.95383,1
2046,0,0,-1.2913,1
2046,1,1,0.98451,-1
2046,-1,0,-1.0401,1
2046,1,1,0.61965,-1
2046,1.5,1,3.4111,-1
2046,-1.5,0,-0.81306,1
2046,0,0,-1.4675,-1
2046,1,1,3.4463,1
2046,0,0,-6.1722,1
2046,1,1,0.52264,-1
2046,-1,1,0.8153,1
2046,1,1,1.3518,-1
2046,1.5,1,0.7287,-1
2046,-1.5,0,-0.55264,1
2046,0,0,-1.6493,-1
2046,1,1,2.9281,1
2046,0,0,-0.34906,1
2046,1,1,1.9455,-1
2046,-1,0,-1.0323,1
2046,1,1,1.4281,-1
2046,1.5,1,2.6688,-1
2046,-1.5,0,-2.847,1
2046,0,0,-4.9213,-1
2046,1,1,0.91839,1
2046,0,1,1.0347,1
2046,1,1,1.5934,-1
2046,-1,1,3.3261,1
2046,1,1,3.0491,-1
2046,1.5,1,1.8667,-1
2046,-1.5,0,-0.88295,1
2046,0,1,1.125,-1
2046,1,1,1.0309,1
2046,0,0,-0.66012,1
2046,1,0,-1.6275,-1
2046,-1,0,-2.6351,1
2046,1,1,0.38761,-1
2046,1.5,1,0.44623,-1
2046,-1.5,1,2.537,1
2046,0,1,1.2554,-1
2046,1,1,0.68217,1
2046,0,1,4.8564,1
2046,1,1,1.7959,-1
2046,-1,0,-3.1612,1
2046,1,1,4.116,-1
2046,1.5,1,0.50892,-1
2046,-1.5,0,-2.9769,1
2046,0,1,2.4873,-1
2046,1,0,-1.0249,1
2046,0,0,-2.2426,1
2046,1,0,-3.3573,-1
2046,-1,1,1.4997,1
2046,1,1,0.78453,-1
2046,1.5,1,0.53162,-1
2046,-1.5,0,-1.6072,1
2046,0,1,2.6785,-1
2046,1,0,-0.32745,1
2046,0,0,-0.56685,1
2046,1,1,1.2493,-1
2046,-1,0,-4.6088,1
2046,1,1,2.3809,-1
2046,1.5,0,-0.84445,-1
2046,-1.5,0,-4.6158,1
2046,0,1,0.62441,-1
2046,1,1,1.5628,1
2046,0,0,-1.5734,1
2046,1,1,2.5495,-1
2046,-1,1,1.7421,1
2046,1,1,1.513,-1
2046,1.5,1,0.69016,-1
2046,-1.5,0,-0.36757,1
2046,0,1,2.547,-1
2046,1,1,0.78224,1
2046,0,0,-0.42322,1
2046,1,0,-0.50142,-1
2046,-1,0,-3.4634,1
2046,1,0,-1.675,-1
2046,1.5,1,1.6379,-1
2046,-1.5,0,-0.29923,1
2046,0,0,-2.1842,-1
2047,-0.5,0,-3.2968,-1
2047,-1.5,0,-3.3844,1
2047,-5,0,-1.0703,1
2047,0.5,0,-4.1862,-1
2047,-1,0,-0.5785,-1
2047,0.5,1,0.80808,-1
2047,0.5,1,0.94896,1
2047,-1.5,0,-3.6995,-1
2047,-1.5,1,0.49397,-1
2047,-1,0,-2.8792,1
2047,0,0,-2.8141,-1
2047,1,1,0.92757,1
2047,1,0,-0.61593,-1
2047,-0.5,0,-1.1399,-1
2047,5,1,0.56246,1
2047,-0.5,0,-1.169,-1
2047,-0.5,1,2.9706,1
2047,-1.5,0,-2.883,-1
2047,0.5,0,-2.2474,-1
2047,0.5,0,-1.2892,-1
2047,-0.5,0,-0.80428,1
2047,0.5,1,0.53253,1
2047,-1,1,2.2657,1
2047,-0.5,1,2.4484,1
2047,1,1,0.67957,-1
2047,-0.5,0,-0.98878,-1
2047,1,1,0.95045,1
2047,-0.5,1,1.3279,1
2047,-0.5,1,1.1277,1
2047,1,1,1.1351,1
2047,0,1,1.1782,-1
2047,-0.5,1,2.6506,-1
2047,0,0,-1.4582,1
2047,0,1,2.2955,1
2047,5,1,0.90246,-1
2047,0.5,1,1.169,1
2047,0,1,2.205,1
2047,-1,0,-1.2114,-1
2047,0.5,1,0.80893,1
2047,1.5,1,1.1814,-1
2047,0.5,0,-2.0726,-1
2047,0.5,1,8.5447,-1
2047,1.5,1,2.8375,1
2047,1,1,0.84377,1
2047,0.5,1,0.58415,1
2047,1,1,0.85589,-1
2047,5,1,0.59361,1
2047,-5,0,-0.66246,-1
2047,0,0,-0.71374,-1
2047,1.5,0,-2.0423,1
2047,0.5,0,-1.9339,1
2047,-1,1,0.61674,-1
2047,-5,0,-0.44001,-1
2047,0.5,1,1.2489,1
2047,-1,1,1.3753,1
2047,0,1,1.4975,-1
2047,-1,0,-1.0879,-1
2047,-0.5,1,0.91143,1
2047,0,1,0.71303,1
2047,0.5,0,-1.0852,-1
2047,1.5,1,1.038,1
2047,-1.5,0,-0.48131,-1
2047,0,1,1.2765,1
2047,0,1,1.3787,1
2047,-0.5,1,0.62425,1
2047,-1,0,-1.452,1
2047,0.5,1,2.9363,1
2047,1.5,1,1.1822,-1
2047,-0.5,0,-2.3129,-1
2047,0.5,1,0.77239,1
2047,-1.5,0,-3.3909,1
2047,0,1,0.79186,1
2047,0,0,-2.2695,-1
2047,0,1,3.6863,1
2047,-1,1,1.0319,-1
2047,0,0,-0.90722,1
2047,1,1,0.5635,-1
2047,-0.5,0,-0.95288,-1
2047,0,1,1.2953,-1
2047,1,1,0.97703,1
2047,-0.5,0,-7.636,1
2047,-0.5,0,-1.4603,-1
2047,0.5,1,1.1937,1
2047,-1,0,-0.78931,-1
2047,0,1,2.8582,-1
2047,0,0,-2.5002,-1
2047,-0.5,0,-2.0974,1
2047,-1.5,0,-1.3041,1
2047,1,1,0.55301,1
2047,1,1,0.84884,-1
2047,-5,0,-1.2222,1
2047,0,1,0.99105,-1
2047,0.5,0,-0.52129,-1
2047,0.5,1,0.60566,1
2047,1.5,0,-0.74596,-1
2047,0,1,0.7566,1
2047,-1,1,1.2027,1
2047,-1,0,-0.99838,-1
2047,-1,0,-1.1308,1
2047,0,0,-2.5515,1
2047,-0.5,1,1.3735,1
2047,0,1,1.3427,1
2047,1,1,0.47779,-1
2047,1,1,0.59492,1
2047,-1,1,2.8738,1
2047,-0.5,0,-2.138,-1
2047,1,1,1.2955,1
2047,0.5,1,1.1126,-1
2047,1.5,1,2.7513,-1
2047,-1.5,1,0.82297,-1
2047,-0.5,1,0.41565,1
2047,0.5,1,0.97409,1
2047,0.5,1,1.1949,1
2047,1.5,1,0.75428,1
2047,0,1,0.7328,1
2047,-1,1,0.50736,-1
2047,1,1,1.2959,-1
2047,-1,0,-8.4451,1
2047,-1.5,0,-0.76031,-1
2047,1.5,1,0.53513,1
2047,1.5,1,1.6988,-1
2047,-1,1,0.81216,1
2047,0.5,1,1.8822,-1
2047,1,1,1.0477,-1
2047,0,0,-1.9238,-1
2047,-0.5,0,-0.57821,-1
2047,0,0,-2.334,-1
2047,0,1,0.81506,-1
2047,-0.5,0,-3.2759,-1
2047,-1.5,0,-1.39,1
2047,1.5,0,-0.93144,-1
2047,0,0,-1.0682,-1
2047,-0.5,0,-2.2373,-1
2047,0,0,-0.82115,1
2047,-1,0,-2.1811,-1
2047,1.5,1,0.53871,1
2047,0.5,1,2.5637,-1
2047,-0.5,1,1.717,1
2047,-0.5,1,0.57025,1
2047,0.5,0,-1.6032,-1
2047,-0.5,1,1.0522,-1
2047,1,1,1.195,1
2047,1,1,3.768,-1
2047,0.5,1,1.2711,1
2047,-1.5,1,0.56203,1
2047,0,0,-1.3103,-1
2047,-1.5,0,-0.6415,1
2047,-1,1,0.61598,-1
2047,0.5,0,-4.118,-1
2047,0,0,-1.4273,1
2047,0.5,0,-3.6054,-1
2047,-0.5,0,-0.93001,-1
2047,-1,1,0.94496,1
2047,0,1,1.0261,1
2047,5,1,1.1579,-1
2047,1,1,0.63963,1
2047,0,0,-1.5273,-1
2047,-0.5,1,1.4347,1
2047,0,0,-2.0539,-1
